l0|l1|m0|m1|q01|q10|tree|ntips|tipstates
1.09309738280915|1.13901852884106|1.22661442617429|1.09334859323131|1.18678424982418|1.14602864098494|((sp66:0.1536531867,sp67:0.1536531867)nd68:2.307461701,((sp69:0.05750340142,sp70:0.05750340142)nd69:0.7907777234,(sp61:0.731760458,sp62:0.731760458)nd66:0.1165206668)nd63:1.612833763)nd50;|6|sp61=2,sp62=1,sp66=2,sp67=2,sp69=1,sp70=1
1.12506265387311|1.20739717267087|1.2488765286587|1.14886283123466|1.15332354219939|1.24223699961022|(sp32:1.706625769,(((sp51:0.65300566,sp44:0.65300566)nd46:0.05332796134,(sp53:0.5351709639,sp54:0.5351709639)nd53:0.1711626574)nd45:0.6028052303,(sp43:0.6909885807,((sp58:0.1266868746,sp59:0.1266868746)nd52:0.5014830517,(sp47:0.580893529,(sp56:0.1887071821,sp57:0.1887071821)nd58:0.3921863469)nd51:0.04727639737)nd48:0.06281865429)nd44:0.618150271)nd36:0.3974869175)nd31;|11|sp32=2,sp43=1,sp44=1,sp47=1,sp51=2,sp53=2,sp54=2,sp56=1,sp57=1,sp58=2,sp59=1
1.17877999136836|1.24672148172512|1.02685863766623|1.17370525487095|1.17357781913478|1.17107298507185|(((((sp142:2.222827798,((((sp207:0.1632802676,sp208:0.1632802676)nd207:0.2040283025,sp186:0.3673085701)nd191:0.3010863133,sp156:0.6683948834)nd139:1.069470857,(sp192:0.286469069,sp193:0.286469069)nd140:1.451396672)nd125:0.4849620571)nd117:2.378579387,(((((sp200:0.2076799714,sp201:0.2076799714)nd209:0.03451375848,(sp204:0.1805824996,(sp209:0.07289432616,sp210:0.07289432616)nd211:0.1076881734)nd210:0.0616112303)nd195:0.4064747317,sp160:0.6486684615)nd116:2.29794411,(sp136:2.818642753,(((sp166:1.097695356,(sp152:0.8017723945,sp153:0.8017723945)nd174:0.2959229613)nd167:0.5451985767,(sp196:0.2539795474,sp197:0.2539795474)nd188:1.388914385)nd134:1.093260057,(((sp194:0.2574410518,sp195:0.2574410518)nd205:1.173823174,sp118:1.431264226)nd131:0.5364961209,((sp170:0.8212925021,sp167:0.8212925021)nd153:0.5948815561,(sp163:1.121481968,sp144:1.121481968)nd168:0.2946920897)nd138:0.5515862882)nd112:0.7683936431)nd110:0.08248876341)nd100:0.1279698187)nd90:1.05429374,sp177:4.000906311)nd49:0.6005008737)nd25:0.9373624571,sp100:5.538769642)nd14:0.8485829653,sp199:6.387352608)nd12:0.009092596869,(((sp211:0.03357926656,sp212:0.03357926656)nd163:1.746360132,sp125:1.779939398)nd129:2.862776735,(((sp171:0.5838409726,(sp188:0.5022551478,(sp179:0.43924105,sp180:0.43924105)nd201:0.0630140978)nd197:0.08158582477)nd194:0.06330011084,sp161:0.6471410834)nd184:0.1192385303,(sp181:0.4623863731,(sp205:0.4183581924,sp183:0.4183581924)nd204:0.04402818074)nd185:0.3039932406)nd165:3.87633652)nd38:1.753729071)nd11;|40|sp100=1,sp118=2,sp125=1,sp136=1,sp142=1,sp144=1,sp152=1,sp153=2,sp156=1,sp160=2,sp161=2,sp163=1,sp166=1,sp167=2,sp170=1,sp171=1,sp177=1,sp179=2,sp180=1,sp181=2,sp183=2,sp186=2,sp188=1,sp192=2,sp193=2,sp194=2,sp195=2,sp196=2,sp197=2,sp199=2,sp200=2,sp201=1,sp204=1,sp205=1,sp207=2,sp208=2,sp209=1,sp210=1,sp211=2,sp212=2
1.10509956031459|1.09022921579344|1.0701634605352|1.13327395002734|1.08806302388273|1.13710213994062|((sp59:2.361395595,(((sp89:1.160004723,((sp86:0.1173819053,sp87:0.1173819053)nd87:0.07538429919,sp82:0.1927662045)nd81:0.9672385187)nd74:0.1133213303,(((sp84:0.173922762,sp85:0.173922762)nd88:0.01472410912,sp83:0.1886468711)nd76:1.042800896,sp79:1.231447768)nd75:0.04187828593)nd73:0.1630581414,(((sp80:0.2097296311,sp81:0.2097296311)nd83:0.3617383951,(sp75:0.4515837993,sp73:0.4515837993)nd84:0.1198842269)nd82:0.489068364,sp67:1.06053639)nd72:0.3758478048)nd69:0.9250114)nd61:5.030808851,(sp72:0.4873413296,sp76:0.4873413296)nd66:6.904863117)nd25;|16|sp59=2,sp67=1,sp72=1,sp73=2,sp75=2,sp76=1,sp79=2,sp80=1,sp81=1,sp82=1,sp83=2,sp84=2,sp85=2,sp86=1,sp87=1,sp89=2
1.23612692101742|1.20026381964315|1.19705429671212|1.07796816865113|1.17942856592155|1.14099974280008|(sp52:2.627213106,(((sp58:0.3463114867,sp59:0.3463114867)nd62:1.280291298,(sp60:0.2024303875,sp61:0.2024303875)nd58:1.424172397)nd55:0.2280191146,((sp62:0.04524203007,sp63:0.04524203007)nd61:1.551889214,sp54:1.597131244)nd56:0.2574906558)nd52:0.7725912062)nd35;|8|sp52=2,sp54=2,sp58=1,sp59=1,sp60=1,sp61=1,sp62=1,sp63=1
1.15638488821448|1.13992310915142|1.15168381406926|1.04258776796107|1.20551405402885|1.12434754465624|(((sp90:0.6302794293,sp91:0.6302794293)nd90:2.837984777,(sp88:0.6426390998,sp89:0.6426390998)nd62:2.825625107)nd54:2.429134068,sp78:5.897398275)nd26;|5|sp78=1,sp88=1,sp89=1,sp90=1,sp91=1
1.2126063810527|1.05258974581657|1.17098108871235|1.3095245542914|1.13074167436701|1.13922472875237|(((sp82:0.1692650958,(sp83:0.1452108237,sp84:0.1452108237)nd83:0.0240542721)nd82:0.4206249912,sp79:0.589890087)nd74:4.99726545,sp77:5.587155537)nd39;|5|sp77=1,sp79=1,sp82=1,sp83=1,sp84=1
1.14406190789983|1.10756764828019|1.13052422321594|1.08653478974357|1.08418017002308|1.17770091414973|(((((sp192:0.1415512315,sp193:0.1415512315)nd190:1.32354848,sp144:1.465099712)nd154:0.237290212,(sp169:0.5361251461,sp166:0.5361251461)nd155:1.166264778)nd153:1.087539932,((sp176:0.3685506721,sp177:0.3685506721)nd152:1.455162899,(sp179:0.3575169358,(sp182:0.3159550592,sp183:0.3159550592)nd198:0.04156187656)nd178:1.466196635)nd147:0.966216285)nd116:4.531298007,((sp181:4.000369258,((((sp174:0.3843583931,sp175:0.3843583931)nd187:1.829141615,sp156:2.213500008)nd136:0.1028797187,((sp185:0.2173512687,sp186:0.2173512687)nd193:0.2091898339,(sp187:0.2154789343,sp188:0.2154789343)nd194:0.2110621683)nd163:1.889838624)nd117:0.6489934677,(sp163:1.672454269,((((sp203:0.03145062797,sp204:0.03145062797)nd203:0.06012220194,sp196:0.0915728299)nd200:0.1331431441,sp189:0.224715974)nd185:0.7106200029,sp146:0.935335977)nd168:0.7371182922)nd140:1.292918925)nd98:1.034996064)nd87:2.070203296,((((sp184:0.3019663209,(sp197:0.08496203072,sp198:0.08496203072)nd199:0.2170042902)nd197:0.0571896925,sp178:0.3591560134)nd184:0.8769997924,(sp199:0.06254966602,sp200:0.06254966602)nd195:1.17360614)nd133:1.390127716,(sp151:1.754103978,((sp194:0.1336901696,sp195:0.1336901696)nd180:0.6049689396,((sp191:0.1804793874,(sp201:0.04439023614,sp202:0.04439023614)nd202:0.1360891513)nd191:0.3681820797,sp165:0.5486614671)nd186:0.1899976421)nd160:1.015444869)nd131:0.8721795435)nd109:3.444289033)nd26:1.250655308)nd19;|37|sp144=1,sp146=1,sp151=2,sp156=2,sp163=1,sp165=2,sp166=2,sp169=2,sp174=2,sp175=2,sp176=2,sp177=2,sp178=2,sp179=1,sp181=2,sp182=1,sp183=2,sp184=1,sp185=2,sp186=1,sp187=1,sp188=1,sp189=2,sp191=2,sp192=1,sp193=1,sp194=2,sp195=2,sp196=2,sp197=1,sp198=1,sp199=1,sp200=1,sp201=2,sp202=2,sp203=2,sp204=2
1.16061967844275|1.23131675982375|1.1768277888386|1.11599473238861|1.15840122801023|1.25782294520761|((sp18:0.7447092025,sp17:0.7447092025)nd18:0.4557173883,((sp21:0.07277960223,(sp22:0.04147496113,sp23:0.04147496113)nd22:0.0313046411)nd21:0.3779182055,sp20:0.4506978077)nd19:0.7497287831)nd17;|6|sp17=1,sp18=1,sp20=2,sp21=2,sp22=2,sp23=2
1.16183778653364|1.11390353059838|1.10168915414987|1.08178666287231|1.24513195624188|1.12465573559726|((sp100:1.697937506,((((sp126:0.07895555267,sp127:0.07895555267)nd127:0.1272380648,sp122:0.2061936175)nd124:0.6707288505,(sp111:0.5312053408,(sp113:0.4235503328,sp114:0.4235503328)nd120:0.1076550081)nd118:0.3457171271)nd113:0.1619244442,(((sp116:0.4067575804,sp117:0.4067575804)nd122:0.02471029028,((sp123:0.1615354462,sp124:0.1615354462)nd125:0.1760290651,sp118:0.3375645113)nd123:0.09390335935)nd119:0.5801693498,sp107:1.01163722)nd115:0.02720969165)nd107:0.6590905934)nd104:8.070320649,((((sp128:0.0103462235,sp129:0.0103462235)nd128:0.08530003668,sp125:0.09564626018)nd126:0.2299206352,sp119:0.3255668953)nd121:0.8615471453,(sp120:0.300255878,sp121:0.300255878)nd112:0.8868581626)nd109:8.581144114)nd1;|19|sp100=2,sp107=2,sp111=1,sp113=1,sp114=2,sp116=2,sp117=1,sp118=2,sp119=2,sp120=2,sp121=2,sp122=2,sp123=2,sp124=2,sp125=2,sp126=2,sp127=2,sp128=2,sp129=2
1.19268783652707|1.19591587233496|1.11543440143392|1.21159100328132|1.11795625959631|1.15242313028833|((sp61:0.7546239149,(sp69:0.09040577959,sp70:0.09040577959)nd67:0.6642181353)nd59:5.749670058,(((sp63:0.2333376562,sp64:0.2333376562)nd61:1.126050105,(sp59:0.2626684323,sp60:0.2626684323)nd63:1.096719329)nd58:0.9902534329,(sp67:0.2084334348,sp68:0.2084334348)nd69:2.141207759)nd53:4.154652779)nd9;|9|sp59=1,sp60=2,sp61=2,sp63=1,sp64=2,sp67=1,sp68=2,sp69=2,sp70=2
1.11474607459997|1.12757789000808|1.11328858243099|1.16541617033446|1.14467850829699|1.21085257427683|((sp60:1.253935854,sp56:1.253935854)nd53:0.7004492464,(((sp64:0.07466535691,sp65:0.07466535691)nd64:0.002854894153,sp63:0.07752025106)nd62:0.5738379757,sp62:0.6513582268)nd59:1.303026874)nd42;|6|sp56=2,sp60=1,sp62=2,sp63=1,sp64=1,sp65=1
1.29580963926459|1.15148282385221|1.09823270975136|1.23580359922204|1.06557495244928|1.1254777210999|((sp61:0.3603413104,sp62:0.3603413104)nd59:4.21232737,sp60:4.57266868)nd19;|3|sp60=1,sp61=1,sp62=2
1.19638921778196|1.20032783167676|1.16472191733656|1.16224502800521|1.14416478860299|1.2205237294063|(((sp127:2.220582914,(sp143:0.5294135666,sp144:0.5294135666)nd142:1.691169347)nd117:0.302054971,((sp120:1.121172219,(sp146:0.1460650191,sp147:0.1460650191)nd135:0.9751072001)nd131:0.878556987,((sp148:0.07355645668,sp149:0.07355645668)nd129:1.567845764,sp133:1.641402221)nd125:0.3583269856)nd118:0.5229086788)nd113:2.221693711,((sp129:0.6351094309,sp130:0.6351094309)nd138:0.2890619459,((sp135:0.4310835026,(sp138:0.2338402174,sp140:0.2338402174)nd146:0.1972432852)nd140:0.1629059709,((sp136:0.3929115352,sp137:0.3929115352)nd143:0.1713068895,sp132:0.5642184247)nd141:0.02977104878)nd139:0.3301819033)nd136:3.820160219)nd65;|17|sp120=1,sp127=1,sp129=1,sp130=1,sp132=1,sp133=1,sp135=2,sp136=1,sp137=1,sp138=2,sp140=1,sp143=1,sp144=2,sp146=2,sp147=2,sp148=2,sp149=2
1.28261553725192|1.12402320733016|1.16549408524376|1.10753698520978|1.15768219018215|1.22192143764305|((((((sp76:0.6905961502,sp77:0.6905961502)nd81:0.1713066745,(sp84:0.3307133411,sp87:0.3307133411)nd88:0.5311894837)nd80:0.5044402868,sp70:1.366343112)nd68:0.2333574776,((sp85:0.2356769426,sp86:0.2356769426)nd86:0.3146757705,sp81:0.5503527131)nd69:1.049347876)nd67:0.05561726078,(sp82:0.6969066857,((sp89:0.1525541745,sp90:0.1525541745)nd90:0.04416396801,((sp92:0.06106825639,sp93:0.06106825639)nd92:0.09145956757,sp91:0.152527824)nd91:0.04419031856)nd85:0.5001885432)nd77:0.9584111642)nd57:2.600272706,(sp73:2.750352336,sp74:2.750352336)nd49:1.50523822)nd32;|16|sp70=1,sp73=2,sp74=2,sp76=2,sp77=2,sp81=2,sp82=2,sp84=1,sp85=2,sp86=1,sp87=2,sp89=1,sp90=2,sp91=1,sp92=1,sp93=1
1.10692791788767|1.19286634951173|1.09708687704455|1.09081754272254|1.17883827516666|1.21800127389934|((((((sp154:0.1061419344,sp155:0.1061419344)nd157:0.1154715852,sp146:0.2216135197)nd155:0.02012596637,sp144:0.2417394861)nd149:0.5513835679,(sp152:0.1155948366,sp153:0.1155948366)nd148:0.6775282174)nd108:4.160977408,(sp135:4.933826495,((sp133:1.407280483,((sp156:0.05937490888,sp157:0.05937490888)nd158:0.08468183469,sp149:0.1440567436)nd143:1.26322374)nd136:0.4151104375,(sp150:0.138712085,sp151:0.138712085)nd153:1.683678836)nd127:3.111435574)nd85:0.02027396698)nd73:3.365268203,((sp131:1.028072474,(sp138:0.8110972382,((sp145:0.2416514669,(sp147:0.1716799842,sp148:0.1716799842)nd156:0.06997148272)nd151:0.3509207238,sp134:0.5925721907)nd146:0.2185250475)nd144:0.2169752359)nd137:0.4530117321,(sp158:0.02228668202,sp159:0.02228668202)nd138:1.458797524)nd130:6.838284458)nd19;|21|sp131=2,sp133=1,sp134=1,sp135=2,sp138=2,sp144=1,sp145=1,sp146=1,sp147=1,sp148=2,sp149=1,sp150=2,sp151=1,sp152=1,sp153=1,sp154=1,sp155=1,sp156=2,sp157=2,sp158=2,sp159=2
1.19839502587568|1.13122123267468|1.16808494167442|1.1818720149081|1.11103304168932|1.15890937648724|(sp30:1.172677074,sp31:1.172677074)nd31;|2|sp30=1,sp31=2
1.12565400380181|1.14663493890373|1.24805711435942|1.11755801643113|1.08553905283244|1.05014568774462|(((sp212:2.585882524,(sp228:0.1142865239,sp229:0.1142865239)nd179:2.471596)nd150:4.037868481,(((sp206:1.494367918,sp205:1.494367918)nd204:0.2180980627,(sp220:0.2105524928,sp221:0.2105524928)nd217:1.501913488)nd191:1.290491295,((sp208:0.4152601089,sp209:0.4152601089)nd221:0.2911836389,sp227:0.7064437478)nd183:2.296513528)nd134:3.62079373)nd15:1.204955319,((((sp222:0.1972228519,sp223:0.1972228519)nd229:0.02339464658,sp231:0.2206174985)nd190:4.314230493,(((sp191:1.144422014,sp201:1.144422014)nd215:0.8258106743,(sp224:0.1766888646,sp225:0.1766888646)nd227:1.793543824)nd188:0.2665593328,(sp188:1.687121851,(sp203:0.6086738932,(sp217:0.2888807963,sp218:0.2888807963)nd224:0.3197930968)nd212:1.078447958)nd189:0.5496701703)nd157:2.29805597)nd99:0.4947700331,sp215:5.029618024)nd83:2.7990883)nd12;|22|sp188=1,sp191=2,sp201=2,sp203=1,sp205=1,sp206=2,sp208=1,sp209=1,sp212=2,sp215=1,sp217=1,sp218=1,sp220=1,sp221=1,sp222=2,sp223=2,sp224=1,sp225=2,sp227=2,sp228=2,sp229=2,sp231=2
1.17209500365455|1.18922721741958|1.01572259264334|1.16899858890112|1.23642917901678|1.19829786833875|((sp38:0.7356162182,sp39:0.7356162182)nd37:0.4394584269,sp35:1.175074645)nd33;|3|sp35=2,sp38=1,sp39=2
1.20152005788858|1.17560537458088|1.16020697957401|1.01344520670742|1.17933674651162|1.1641418507213|((sp27:0.856865205,sp24:0.856865205)nd22:0.8888319929,sp22:1.745697198)nd21;|3|sp22=1,sp24=1,sp27=1
1.14718111195329|1.23250754344665|1.14777399453595|1.14678924614369|1.17171906761684|1.08453872606092|(((sp244:0.7899154851,(sp233:0.3744084564,(sp247:0.05630148338,sp248:0.05630148338)nd246:0.3181069731)nd242:0.4155070287)nd208:0.6512293692,sp189:1.441144854)nd202:6.665310095,((sp221:7.126050507,(sp226:0.4593322524,(sp238:0.2511488299,(sp245:0.08155814533,sp246:0.08155814533)nd251:0.1695906846)nd249:0.2081834225)nd207:6.666718254)nd29:0.02548683008,((((((((((sp231:0.4034634962,sp232:0.4034634962)nd223:0.566968788,(sp216:0.9578445757,sp212:0.9578445757)nd224:0.01258770851)nd218:0.131769507,(sp214:0.9015813784,((sp237:0.2793633717,sp242:0.2793633717)nd245:0.1511894202,sp230:0.4305527918)nd233:0.4710285866)nd219:0.2006204128)nd216:0.02320481831,(sp209:0.9135797812,(sp218:0.6399968498,(sp234:0.3463020431,sp235:0.3463020431)nd241:0.2936948067)nd238:0.2735829313)nd221:0.2118268283)nd212:0.1797112469,sp193:1.305117856)nd209:0.01316403289,(sp249:0.01540445979,sp250:0.01540445979)nd210:1.302877429)nd200:0.5592158536,(sp229:0.8955796171,sp199:0.8955796171)nd220:0.9819181258)nd183:0.3545964294,((sp204:1.239813426,sp198:1.239813426)nd187:0.883834663,(sp201:0.8561740996,sp224:0.8561740996)nd215:1.26747399)nd184:0.1084460832)nd182:3.853533911,sp169:6.085628083)nd71:0.09128884618,((sp251:0.003909853737,sp252:0.003909853737)nd247:0.3240460196,(sp239:0.2334157591,sp240:0.2334157591)nd248:0.09454011418)nd204:5.848961056)nd66:0.9746204077)nd21:0.9549176127)nd5;|36|sp169=1,sp189=2,sp193=1,sp198=2,sp199=1,sp201=2,sp204=1,sp209=2,sp212=2,sp214=2,sp216=1,sp218=1,sp221=1,sp224=1,sp226=1,sp229=1,sp230=2,sp231=1,sp232=1,sp233=2,sp234=1,sp235=1,sp237=2,sp238=1,sp239=2,sp240=1,sp242=2,sp244=1,sp245=1,sp246=1,sp247=2,sp248=2,sp249=2,sp250=2,sp251=1,sp252=1
1.15885577339264|1.19711880562294|1.08562760161296|1.08595960475019|1.22575219432964|1.09965464720164|((((sp142:0.1588042743,sp143:0.1588042743)nd142:0.6231603803,sp141:0.7819646547)nd139:0.01610327925,sp139:0.7980679339)nd125:6.397807055,(((sp144:1.232526701,((sp146:0.07576088262,(sp150:0.05386994863,(sp151:0.04141560078,sp152:0.04141560078)nd151:0.01245434785)nd150:0.02189093399)nd146:0.5224491531,sp133:0.5982100358)nd144:0.6343166656)nd112:1.071009385,sp131:2.303536087)nd102:4.204312325,((sp147:0.06022082289,sp148:0.06022082289)nd145:0.8551269708,(sp134:0.4898299788,sp135:0.4898299788)nd138:0.425517815)nd135:5.592500617)nd27:0.6880265781)nd9;|15|sp131=2,sp133=1,sp134=1,sp135=1,sp139=1,sp141=2,sp142=1,sp143=1,sp144=1,sp146=2,sp147=1,sp148=1,sp150=2,sp151=2,sp152=2
1.08478492070602|1.26125146688319|1.15844436788867|1.12985449363996|1.14997813675009|1.24405633991536|((((sp93:0.8660151196,sp100:0.8660151196)nd102:0.1732257213,sp83:1.039240841)nd100:0.6502968491,(sp110:0.2323216941,sp120:0.2323216941)nd89:1.457215996)nd58:3.388811739,(((sp87:0.9815445588,(sp96:0.7421198351,sp97:0.7421198351)nd104:0.2394247237)nd94:1.500417458,(sp104:0.5210425911,((sp111:0.1970620078,sp112:0.1970620078)nd116:0.1952209663,sp107:0.3922829741)nd114:0.128759617)nd81:1.960919426)nd51:0.9390169932,((sp102:0.8881741322,(sp113:0.1418809416,sp114:0.1418809416)nd115:0.7462931907)nd96:1.877261691,(((sp82:1.047138119,(sp118:0.1032957552,(sp115:0.08031810076,sp116:0.08031810076)nd119:0.02297765449)nd111:0.9438423639)nd90:1.302783484,sp99:2.349921604)nd75:0.1870869541,(sp108:0.3258143153,sp109:0.3258143153)nd108:2.211194242)nd65:0.2284272656)nd62:0.6555431868)nd46:1.657370419)nd29;|22|sp82=1,sp83=2,sp87=2,sp93=2,sp96=1,sp97=2,sp99=2,sp100=1,sp102=2,sp104=1,sp107=1,sp108=1,sp109=1,sp110=2,sp111=2,sp112=1,sp113=1,sp114=1,sp115=1,sp116=1,sp118=2,sp120=2
1.12031950314014|1.13651445629155|1.27164846618015|1.1217688769049|1.18068074340108|1.16540448519875|((((((sp110:0.7138398965,(sp143:0.2803495047,(sp150:0.06997223219,sp151:0.06997223219)nd156:0.2103772725)nd141:0.4334903918)nd103:0.8472266101,(sp105:1.481478275,(sp99:1.003887633,(sp156:0.05076402199,sp157:0.05076402199)nd131:0.9531236106)nd116:0.4775906426)nd104:0.07958823133)nd98:0.1541338588,(sp133:0.4032349162,sp134:0.4032349162)nd99:1.311965449)nd93:0.02967193918,((sp138:0.2978044366,sp139:0.2978044366)nd125:1.130959842,(sp154:0.2123633873,sp144:0.2123633873)nd153:1.216400891)nd105:0.3161080257)nd83:0.3882178234,(((sp142:0.2838487784,(sp158:0.04651218369,sp159:0.04651218369)nd155:0.2373365947)nd154:0.6761140321,sp136:0.9599628105)nd120:0.9542895298,(sp80:1.723472236,(sp118:0.8785991013,(sp115:0.621571739,sp116:0.621571739)nd133:0.2570273622)nd127:0.8448731348)nd91:0.1907801042)nd85:0.2188377877)nd80:2.460330447,(((sp112:0.6803810734,(sp146:0.3823908454,sp135:0.3823908454)nd143:0.297990228)nd136:0.06088361946,((sp152:0.06055537063,sp153:0.06055537063)nd138:0.6777460562,((sp113:0.6454611919,((sp145:0.210921101,(sp148:0.1184627781,sp149:0.1184627781)nd158:0.09245832291)nd145:0.4181458616,sp114:0.6290669627)nd144:0.01639422921)nd142:0.04930628567,sp111:0.6947674775)nd139:0.04353394933)nd137:0.002963265953)nd121:3.742993673,((sp123:1.478517452,(sp119:0.5979343446,sp128:0.5979343446)nd109:0.880583107)nd95:0.4412075662,sp125:1.919725018)nd79:2.564533348)nd43:0.1091622089)nd40;|37|sp80=2,sp99=2,sp105=2,sp110=1,sp111=2,sp112=1,sp113=1,sp114=1,sp115=1,sp116=1,sp118=2,sp119=2,sp123=2,sp125=2,sp128=1,sp133=1,sp134=1,sp135=1,sp136=2,sp138=2,sp139=2,sp142=1,sp143=2,sp144=1,sp145=2,sp146=2,sp148=2,sp149=2,sp150=2,sp151=2,sp152=2,sp153=2,sp154=1,sp156=2,sp157=1,sp158=1,sp159=1
1.22901563591276|1.2270759544158|1.17183966869725|1.16161347228001|1.11066673804767|1.11671910615512|((((sp113:0.05420253982,sp114:0.05420253982)nd113:0.02852230808,sp110:0.0827248479)nd109:2.308901259,(sp93:1.596528919,((sp106:0.3239348979,sp107:0.3239348979)nd112:0.3674586742,(sp111:0.07700175734,sp112:0.07700175734)nd111:0.6143918148)nd104:0.9051353468)nd93:0.7950971883)nd78:1.080420131,(sp100:2.766725725,sp85:2.766725725)nd74:0.7053205127)nd68;|10|sp85=1,sp93=1,sp100=1,sp106=2,sp107=2,sp110=2,sp111=2,sp112=2,sp113=2,sp114=1
1.13524665454908|1.14427221079368|1.09737760406814|1.09542505685911|1.06311638685761|1.18949366564044|((((sp54:0.5441096661,(sp61:0.1396050097,(sp62:0.136867443,sp63:0.136867443)nd64:0.002737566693)nd61:0.4045046563)nd57:0.4415391533,((sp64:0.1007211581,sp65:0.1007211581)nd62:0.435932448,sp55:0.5366536061)nd59:0.4489952133)nd50:1.957796844,(sp50:0.6235185841,sp51:0.6235185841)nd60:2.319927079)nd36:3.503993493,(sp56:0.5110840737,sp59:0.5110840737)nd52:5.936355083)nd13;|11|sp50=1,sp51=2,sp54=2,sp55=1,sp56=2,sp59=1,sp61=1,sp62=1,sp63=1,sp64=1,sp65=2
1.23110108932432|1.06110262604491|1.16529869588287|1.14168286744964|1.1253827225666|1.20640516625972|((sp101:2.891982294,sp100:2.891982294)nd92:6.824769808,(((sp135:1.303047051,((sp157:0.9391271864,(sp167:0.2011787265,(sp172:0.01567638463,sp173:0.01567638463)nd172:0.1855023419)nd164:0.7379484599)nd161:0.04292021036,sp168:0.9820473968)nd152:0.3209996546)nd120:1.129772857,(sp143:2.275179097,sp150:2.275179097)nd126:0.157640811)nd113:6.216679384,((sp140:4.92744113,sp132:4.92744113)nd58:1.607179544,((sp163:0.4352165482,sp164:0.4352165482)nd167:3.010657392,(sp123:1.67943588,((sp170:0.05111197067,sp171:0.05111197067)nd171:0.161635609,sp166:0.2127475797)nd169:1.466688301)nd119:1.76643806)nd94:3.088746734)nd29:2.114878617)nd9:1.06725281)nd4;|18|sp100=2,sp101=2,sp123=1,sp132=1,sp135=1,sp140=2,sp143=1,sp150=1,sp157=1,sp163=2,sp164=2,sp166=2,sp167=1,sp168=2,sp170=2,sp171=2,sp172=1,sp173=1
1.14229303791477|1.09052294007463|1.14156199848005|1.07847660985414|1.13638687213872|1.09689903368707|(((sp82:0.7111801551,sp96:0.7111801551)nd78:2.922524407,((sp78:3.101822613,(sp53:2.592343229,(sp88:1.042457698,sp86:1.042457698)nd84:1.549885531)nd51:0.5094793843)nd47:0.07694310628,(sp93:0.8749193279,(sp97:0.1686082561,sp98:0.1686082561)nd94:0.7063110718)nd87:2.303846391)nd44:0.4549388427)nd40:2.804006833,((sp72:2.311546739,(sp90:0.4693972373,sp91:0.4693972373)nd80:1.842149501)nd59:0.3051260454,sp59:2.616672784)nd56:3.821038611)nd15;|13|sp53=1,sp59=1,sp72=1,sp78=2,sp82=2,sp86=2,sp88=1,sp90=1,sp91=2,sp93=2,sp96=1,sp97=2,sp98=2
1.09481382635058|1.20930350824553|1.17589238992456|1.23049544286361|1.16652897018957|1.20220573355036|(sp97:8.153602923,((sp103:0.1809264074,sp104:0.1809264074)nd102:0.4644860669,(sp101:0.4055118508,sp102:0.4055118508)nd103:0.2399006235)nd99:7.508190448)nd25;|5|sp97=1,sp101=1,sp102=1,sp103=1,sp104=2
1.15582497689726|1.15996022656646|1.22171048014275|1.09817524936961|1.25227657251843|1.14309220761136|(sp86:9.671243714,(sp87:0.1419391772,sp88:0.1419391772)nd87:9.529304536)nd1;|3|sp86=2,sp87=1,sp88=1
1.08086272034244|1.08316394455325|1.2574551237847|1.21342396554193|1.26799944423416|1.25537421442069|(sp30:1.034566563,((sp34:0.3314289096,(sp35:0.1364989927,sp36:0.1364989927)nd35:0.1949299169)nd34:0.3490809057,sp33:0.6805098153)nd33:0.3540567482)nd31;|5|sp30=1,sp33=1,sp34=2,sp35=2,sp36=2
1.22112079148138|1.1645435654644|1.12562869484556|1.1112545781075|1.21055444972445|1.17369943905249|((((sp107:0.6704067667,((sp123:0.05477939547,sp124:0.05477939547)nd122:0.2271766718,(sp114:0.2713943318,sp115:0.2713943318)nd123:0.01056173549)nd118:0.3884506994)nd108:0.956414145,(sp125:0.01453676062,sp126:0.01453676062)nd125:1.612284151)nd84:6.325062034,(sp119:0.1255981273,sp120:0.1255981273)nd119:7.826284818)nd6:1.384126228,((((sp121:0.09530186081,sp122:0.09530186081)nd116:0.575147862,(sp116:0.1789411171,sp117:0.1789411171)nd117:0.4915086057)nd114:2.097082474,sp91:2.767532197)nd68:0.4491698735,sp109:3.216702071)nd51:6.119307103)nd2;|15|sp91=1,sp107=1,sp109=1,sp114=2,sp115=2,sp116=2,sp117=1,sp119=1,sp120=1,sp121=1,sp122=1,sp123=2,sp124=2,sp125=1,sp126=1
1.26053773207664|1.3026388416749|1.24995229885135|1.1151584600773|1.12287161345339|1.07324358331912|(((((sp473:0.7389691703,sp474:0.7389691703)nd574:0.1173727054,(sp562:0.3147530974,sp563:0.3147530974)nd614:0.5415887783)nd521:4.227391314,(sp263:4.455895341,(((((((sp584:0.245072053,sp585:0.245072053)nd632:0.1107895811,sp549:0.3558616341)nd628:0.009674499193,sp621:0.3655361332)nd621:0.09241765686,sp536:0.4579537901)nd588:0.4397166928,(sp525:0.4847912256,sp526:0.4847912256)nd617:0.4128792574)nd424:2.860052658,(sp598:1.145382426,(sp454:0.8570813252,sp561:0.8570813252)nd548:0.2883011003)nd473:2.612340715)nd180:0.2929436043,((((sp623:0.1057447656,sp624:0.1057447656)nd640:0.1604237991,sp577:0.2661685647)nd494:1.047778985,(sp393:1.209588452,((sp616:0.1362759949,sp617:0.1362759949)nd610:0.3960948582,(sp645:0.007238604978,sp646:0.007238604978)nd624:0.5251322482)nd510:0.6772175985)nd495:0.1043590976)nd488:2.276702361,(((((sp647:0.004375290866,sp648:0.004375290866)nd639:0.2633706832,sp576:0.2677459741)nd554:0.6168390104,(sp518:0.7184249326,(sp649:0.002906695504,sp650:0.002906695504)nd619:0.7155182371)nd555:0.1661600518)nd469:2.082353595,((((sp602:0.1599477576,sp603:0.1599477576)nd642:0.08910102564,sp583:0.2490487833)nd567:0.5909218609,sp489:0.8399706442)nd534:0.2272611273,sp421:1.067231771)nd524:1.899706808)nd250:0.4014160672,(((sp453:1.585960981,((sp400:1.149403858,sp484:1.149403858)nd515:0.01173149702,(((sp640:0.02830045088,sp642:0.02830045088)nd648:0.03880901363,sp633:0.06710946451)nd625:0.3172840733,sp544:0.3843935378)nd549:0.7767418174)nd477:0.4248256253)nd452:0.05067995492,sp343:1.636640935)nd389:0.4506059333,(sp515:0.5511715967,sp581:0.5511715967)nd390:1.536075272)nd271:1.281107778)nd246:0.2222952636)nd178:0.4600168346)nd149:0.405228596)nd119:0.627837849)nd107:4.294141539,((sp349:4.969513491,((sp538:1.103377658,sp412:1.103377658)nd438:0.6263614202,((sp557:0.3313959874,sp558:0.3313959874)nd618:0.1485086989,sp527:0.4799046863)nd586:1.249834392)nd425:3.239774413)nd88:2.908888347,((sp494:6.690026026,((((((((sp634:0.04903118411,sp635:0.04903118411)nd570:0.7677194898,(sp578:0.2593622182,sp579:0.2593622182)nd580:0.5573884557)nd540:1.027009255,sp556:1.843759929)nd407:2.020400751,(((sp550:0.3379247422,sp551:0.3379247422)nd552:0.6974637768,((sp606:0.1538242819,sp607:0.1538242819)nd562:0.6919241118,((sp629:0.07753601585,(sp643:0.009935468528,sp644:0.009935468528)nd647:0.06760054732)nd630:0.2821885292,sp547:0.359724545)nd563:0.4860238487)nd537:0.1896401252)nd486:0.3326922977,(sp540:0.4230849894,(sp597:0.1807302563,sp610:0.1807302563)nd623:0.2423547331)nd609:0.9449958272)nd312:2.496079863)nd190:0.2659260058,(((sp506:1.733587935,(sp440:0.9576104419,(sp458:0.8326294159,sp531:0.8326294159)nd557:0.124981026)nd437:0.7759774929)nd358:1.301015283,(sp472:0.7403821821,sp511:0.7403821821)nd289:2.294221036)nd267:0.2316473316,sp354:3.266250549)nd179:0.8638361362)nd159:0.6722675968,((sp572:0.5677101603,(sp588:0.2259169255,sp589:0.2259169255)nd613:0.3417932348)nd443:2.505003399,((((sp627:0.08858332223,sp628:0.08858332223)nd578:0.6735706166,sp471:0.7621539388)nd432:1.066821086,sp323:1.828975025)nd383:0.956200795,(sp590:0.2105418438,((sp625:0.1051107536,sp626:0.1051107536)nd645:0.005135664038,sp622:0.1102464176)nd643:0.1002954262)nd421:2.574633976)nd285:0.2875377398)nd172:1.729640723)nd122:0.05560300453,((sp575:0.7770679763,((sp618:0.1289022936,sp619:0.1289022936)nd631:0.228674893,sp548:0.3575771866)nd577:0.4194907897)nd330:1.796895954,((sp612:0.1455348124,sp613:0.1455348124)nd633:0.2058528362,(sp636:0.04601451547,sp637:0.04601451547)nd634:0.3053731331)nd626:2.222576282)nd264:2.283993356)nd118:0.3330425736,((((sp512:0.5554852889,sp513:0.5554852889)nd582:0.1801897175,(sp528:0.7097513632,sp535:0.7097513632)nd583:0.0259236433)nd501:1.685883174,sp439:2.42155818)nd255:2.134140016,((sp604:0.1575705471,sp605:0.1575705471)nd615:3.506218974,(((sp586:2.626846455,(sp630:0.06893816859,sp631:0.06893816859)nd636:2.557908287)nd293:0.5212730058,sp461:3.148119461)nd252:0.2114854857,(sp591:0.2004245376,sp592:0.2004245376)nd538:3.159180409)nd223:0.3041845745)nd210:0.8919086753)nd103:0.635301664)nd89:1.499026165)nd45:0.3881428857,((((sp580:0.2528649323,(sp614:0.136581368,sp615:0.136581368)nd641:0.1162835642)nd508:0.9579455783,((sp566:0.3035645705,sp567:0.3035645705)nd575:0.79613613,((sp519:0.5151917204,(sp638:0.04380812326,sp639:0.04380812326)nd612:0.4713835971)nd596:0.1172512366,sp595:0.632442957)nd529:0.4672577435)nd509:0.1111098101)nd485:1.28189471,sp282:2.492705221)nd309:1.501467465,((((sp504:0.5790395566,sp505:0.5790395566)nd598:0.4045275386,sp433:0.9835670952)nd539:0.3280032708,sp552:1.311570366)nd449:1.274250226,((((sp490:0.6511032365,sp565:0.6511032365)nd542:0.3354827702,sp503:0.9865860067)nd502:0.2781243992,(sp600:0.16907082,sp601:0.16907082)nd503:1.095639586)nd492:0.4102447937,((sp570:0.302763743,sp568:0.302763743)nd553:0.8374594015,sp403:1.140223145)nd445:0.534732055)nd413:0.9108653929)nd266:1.408352094)nd166:3.083996225)nd38:0.8002329272)nd14:1.49947289)nd4:0.07918362236,(((sp537:0.437745552,(sp573:0.2769944073,(sp593:0.2001043649,sp594:0.2001043649)nd638:0.07689004242)nd622:0.1607511447)nd602:0.1609985455,(sp608:0.1481135674,sp609:0.1481135674)nd627:0.4506305301)nd479:0.983165819,(sp391:1.221483115,sp392:1.221483115)nd463:0.3604268011)nd428:7.875148434)nd3;|136|sp263=2,sp282=1,sp323=2,sp343=2,sp349=1,sp354=1,sp391=1,sp392=2,sp393=1,sp400=1,sp403=2,sp412=2,sp421=2,sp433=1,sp439=1,sp440=2,sp453=2,sp454=1,sp458=1,sp461=2,sp471=1,sp472=2,sp473=2,sp474=2,sp484=2,sp489=1,sp490=2,sp494=1,sp503=2,sp504=2,sp505=2,sp506=2,sp511=1,sp512=2,sp513=2,sp515=1,sp518=1,sp519=1,sp525=2,sp526=1,sp527=1,sp528=2,sp531=2,sp535=1,sp536=2,sp537=1,sp538=1,sp540=1,sp544=2,sp547=1,sp548=1,sp549=2,sp550=1,sp551=1,sp552=1,sp556=2,sp557=2,sp558=1,sp561=2,sp562=1,sp563=1,sp565=2,sp566=2,sp567=2,sp568=2,sp570=2,sp572=1,sp573=2,sp575=1,sp576=2,sp577=2,sp578=1,sp579=1,sp580=2,sp581=2,sp583=1,sp584=2,sp585=2,sp586=1,sp588=1,sp589=1,sp590=1,sp591=2,sp592=2,sp593=2,sp594=2,sp595=2,sp597=2,sp598=2,sp600=2,sp601=1,sp602=2,sp603=1,sp604=1,sp605=1,sp606=2,sp607=2,sp608=1,sp609=1,sp610=2,sp612=1,sp613=1,sp614=2,sp615=2,sp616=2,sp617=1,sp618=2,sp619=2,sp621=2,sp622=1,sp623=2,sp624=2,sp625=1,sp626=1,sp627=1,sp628=1,sp629=1,sp630=1,sp631=1,sp633=2,sp634=1,sp635=1,sp636=1,sp637=1,sp638=2,sp639=2,sp640=2,sp642=2,sp643=2,sp644=2,sp645=2,sp646=2,sp647=1,sp648=2,sp649=1,sp650=1
1.17789631883141|1.09844646060933|1.1787558931978|1.15322638175576|1.1935155852166|1.12662138233198|(((sp267:0.1045854683,(sp268:0.08348272136,sp269:0.08348272136)nd270:0.02110274694)nd265:5.827365624,((sp215:1.399903028,(sp230:0.8628890393,sp227:0.8628890393)nd242:0.5370139891)nd224:0.6738448233,((sp239:0.6980401031,sp256:0.6980401031)nd240:0.5356093656,sp245:1.233649469)nd209:0.840098383)nd162:3.858203241)nd49:3.953827023,(((((sp241:0.5362236778,sp242:0.5362236778)nd247:0.5395377867,sp229:1.075761465)nd222:1.602967999,sp205:2.678729463)nd170:1.844815982,sp261:4.523545445)nd110:3.452040671,(((sp253:0.3284309496,(sp260:0.2447122071,(sp270:0.07623383177,sp271:0.07623383177)nd269:0.1684783753)nd266:0.08371874249)nd236:6.96455299,(sp202:3.070363228,(sp266:0.8551682156,(sp263:0.2033915632,sp264:0.2033915632)nd258:0.6517766524)nd255:2.215195012)nd154:4.222620712)nd11:0.1725849019,((sp175:2.171387839,(sp194:1.73972286,(sp244:0.777784568,sp233:0.777784568)nd259:0.9619382919)nd213:0.4316649795)nd176:2.710364865,(sp250:0.351504745,sp251:0.351504745)nd263:4.530247959)nd78:2.583816137)nd8:0.5100172748)nd4:1.910191999)nd1;|28|sp175=1,sp194=1,sp202=2,sp205=2,sp215=2,sp227=2,sp229=2,sp230=2,sp233=2,sp239=2,sp241=2,sp242=2,sp244=2,sp245=1,sp250=2,sp251=2,sp253=1,sp256=1,sp260=1,sp261=1,sp263=2,sp264=2,sp266=1,sp267=1,sp268=2,sp269=2,sp270=1,sp271=1
1.07879596942546|1.12620114676315|1.09238273652974|1.16450494773224|1.22575737703217|1.19292819519548|((sp60:0.379795665,(sp62:0.1060067399,sp61:0.1060067399)nd61:0.2737889252)nd60:7.547590003,(sp58:0.5457289976,sp59:0.5457289976)nd59:7.381656671)nd8;|5|sp58=2,sp59=2,sp60=1,sp61=1,sp62=2
1.2949996388386|1.21835069615349|1.06099271819735|1.27530494956217|1.15459488067683|1.25190853015694|(((sp60:1.400705763,((sp69:0.2295597078,sp68:0.2295597078)nd68:0.6749785366,sp63:0.9045382444)nd65:0.4961675188)nd61:0.6928054815,sp62:2.093511245)nd55:0.1831372001,sp67:2.276648445)nd54;|6|sp60=1,sp62=1,sp63=1,sp67=1,sp68=1,sp69=1
1.18311740300647|1.15829614990252|1.18867055852874|1.17967374433193|1.07315977531534|1.18354046965528|((sp36:0.06090495359,sp37:0.06090495359)nd35:2.959378794,sp34:3.020283747)nd25;|3|sp34=1,sp36=1,sp37=1
1.12698616281458|1.20028608595319|1.1149859594588|1.16392007920942|1.16263976422999|1.08418416257573|(((sp80:0.05537284561,sp81:0.05537284561)nd77:0.7661552837,(sp73:0.1600012193,sp74:0.1600012193)nd78:0.66152691)nd72:4.926741826,(((sp75:0.1123389425,sp76:0.1123389425)nd71:2.391377227,sp57:2.503716169)nd50:1.931338053,(sp78:0.07742517793,sp79:0.07742517793)nd79:4.357629045)nd26:1.313215733)nd17;|9|sp57=1,sp73=1,sp74=1,sp75=1,sp76=1,sp78=1,sp79=1,sp80=1,sp81=1
1.18425152878015|1.11917940431713|1.21305672707394|1.19764951205422|1.20085793057304|1.18158253251583|((sp44:2.038752974,sp53:2.038752974)nd41:0.9896893099,sp49:3.028442284)nd32;|3|sp44=2,sp49=2,sp53=2
1.25610522907203|1.12907132589701|1.09544381842997|1.13591776103241|1.24383562424901|1.08656525312299|((sp70:0.008474982774,sp71:0.008474982774)nd70:3.19566955,(sp68:2.457743312,sp64:2.457743312)nd60:0.746401221)nd54;|4|sp64=2,sp68=2,sp70=1,sp71=1
1.03585086707789|1.12664196735465|1.11592101163753|1.20670460736027|1.1323641569166|1.14751752052519|(((sp67:1.442270836,((sp73:0.1817106503,sp74:0.1817106503)nd73:0.3871602294,sp71:0.5688708797)nd70:0.8733999568)nd56:0.2898977134,(sp69:0.4088476697,sp70:0.4088476697)nd67:1.32332088)nd54:1.722685796,sp65:3.454854346)nd38;|7|sp65=2,sp67=1,sp69=2,sp70=2,sp71=2,sp73=2,sp74=2
1.16476479545371|1.12536398244571|1.02996325585742|1.07936105695287|1.16487326395974|1.2177120659781|(sp123:2.440260155,((sp126:0.3776845572,sp124:0.3776845572)nd124:0.2866737536,sp115:0.6643583108)nd123:1.775901844)nd92;|4|sp115=1,sp123=2,sp124=2,sp126=1
1.164049719272|1.25094679614478|1.11833860511185|1.11790673789774|1.17755723009827|1.2303850192166|(((sp127:0.2282525043,sp128:0.2282525043)nd101:3.031655264,(((sp103:0.9899761695,sp104:0.9899761695)nd119:0.3349119845,sp90:1.324888154)nd89:1.24163956,(sp110:2.214296099,((sp111:1.139694052,sp118:1.139694052)nd115:0.1053911804,sp91:1.245085233)nd98:0.9692108667)nd90:0.3522316141)nd82:0.6933800551)nd77:6.308193232,(((sp129:0.2215168545,sp130:0.2215168545)nd128:0.4591862423,sp115:0.6807030968)nd108:4.972409788,(((sp120:0.4864379598,(sp131:0.2002431727,sp132:0.2002431727)nd129:0.2861947871)nd127:0.3995106932,((sp122:0.3430457235,sp123:0.3430457235)nd130:0.05043886545,(sp124:0.2957375828,(sp125:0.265607806,sp126:0.265607806)nd133:0.03012977679)nd131:0.09774700616)nd125:0.4924640641)nd113:0.3067390599,(sp121:0.3868673361,(sp133:0.1168257057,sp134:0.1168257057)nd132:0.2700416304)nd122:0.8058203768)nd93:4.460425172)nd47:3.914988116)nd1;|23|sp90=1,sp91=1,sp103=2,sp104=2,sp110=1,sp111=1,sp115=1,sp118=2,sp120=2,sp121=1,sp122=2,sp123=2,sp124=1,sp125=1,sp126=1,sp127=1,sp128=1,sp129=2,sp130=2,sp131=1,sp132=1,sp133=1,sp134=1
1.06594079610264|1.19568404184226|1.1147865318753|1.12991766619467|1.22177467740254|1.23733340432031|(sp71:5.915712599,sp69:5.915712599)nd11;|2|sp69=1,sp71=1
1.1928563325123|1.15109671694924|1.0678713038158|1.034878571731|1.15072796864911|1.05060732827528|((((sp54:0.4901362086,(sp57:0.02472022232,sp58:0.02472022232)nd57:0.4654159863)nd51:0.4840597665,sp51:0.9741959752)nd50:1.726976713,sp48:2.701172688)nd41:1.871777507,(sp52:0.8933626361,sp55:0.8933626361)nd43:3.679587559)nd36;|7|sp48=2,sp51=2,sp52=1,sp54=1,sp55=1,sp57=1,sp58=1
1.10365693515536|1.14254189235981|1.12954130944933|1.15221438931423|1.06026918094186|1.15676790331367|(sp29:3.107793751,sp30:3.107793751)nd23;|2|sp29=2,sp30=1
1.24700954020523|1.23674684149239|1.11348235990753|1.08638538427741|1.0821739349352|1.21369041776023|(((sp79:2.273695689,(((sp115:0.06938909694,sp116:0.06938909694)nd113:0.365523722,sp98:0.434912819)nd108:0.1979509583,((sp111:0.1478754632,sp112:0.1478754632)nd115:0.2533480379,sp102:0.4012235012)nd109:0.2316402761)nd106:1.640831912)nd80:2.128257665,((((((sp113:0.07904280907,sp114:0.07904280907)nd112:0.3867872778,sp97:0.4658300869)nd111:0.05156776475,sp96:0.5173978516)nd104:0.3210314566,(sp117:0.03176437924,sp118:0.03176437924)nd117:0.806664929)nd97:0.6178671402,((sp104:0.3453934512,sp105:0.3453934512)nd114:0.08349222852,sp99:0.4288856797)nd110:1.027410769)nd78:2.857447604,(sp94:0.6976658109,(sp106:0.2483095131,sp107:0.2483095131)nd116:0.4493562978)nd102:3.616078241)nd37:0.08820930147)nd35:0.04564362828,(sp81:1.628373472,(((sp100:0.4276419426,sp101:0.4276419426)nd103:0.4303384202,sp92:0.8579803629)nd93:0.7137325341,(sp109:0.150613952,sp110:0.150613952)nd94:1.421098945)nd92:0.05666057463)nd62:2.81922351)nd31;|25|sp79=1,sp81=1,sp92=1,sp94=2,sp96=1,sp97=2,sp98=2,sp99=2,sp100=1,sp101=1,sp102=1,sp104=2,sp105=1,sp106=1,sp107=1,sp109=1,sp110=2,sp111=2,sp112=1,sp113=1,sp114=1,sp115=1,sp116=1,sp117=2,sp118=2
1.19767652751447|1.13848650316647|1.16648096087617|1.14601753988139|1.05162210250759|1.18909041159593|(sp52:0.9926049636,sp49:0.9926049636)nd49;|2|sp49=2,sp52=1
1.13279262908414|1.16579728409757|1.18304137172951|1.13694925415155|1.20154702528825|1.06777342130595|(((((sp75:0.09664704527,sp76:0.09664704527)nd70:0.8997267659,sp52:0.9963738112)nd49:0.5429535762,(((sp73:0.113671695,sp74:0.113671695)nd71:0.3335900883,sp64:0.4472617833)nd66:0.8854615041,sp42:1.332723287)nd50:0.2066040999)nd39:1.374559942,sp50:2.913887329)nd27:2.503837414,(((sp66:0.4153942647,(((sp80:0.00629795765,sp81:0.00629795765)nd77:0.194197851,((sp77:0.05070776525,(sp78:0.0128202627,sp79:0.0128202627)nd80:0.03788750255)nd79:0.0665306669,sp72:0.1172384322)nd78:0.08325737652)nd76:0.03734616407,sp70:0.2378419727)nd73:0.1775522919)nd68:0.4202274649,(sp65:0.4203357746,(sp68:0.2704095506,sp69:0.2704095506)nd74:0.149926224)nd69:0.4152859549)nd61:0.3133039311,(sp54:1.106093905,sp60:1.106093905)nd62:0.04283175571)nd56:4.268799083)nd14;|21|sp42=1,sp50=2,sp52=1,sp54=1,sp60=1,sp64=2,sp65=2,sp66=2,sp68=2,sp69=2,sp70=2,sp72=2,sp73=2,sp74=2,sp75=2,sp76=2,sp77=2,sp78=2,sp79=2,sp80=2,sp81=2
1.11404784656058|1.16445340429636|1.11066463770727|1.20965229082795|1.1603863955433|1.19376955405558|((sp79:1.482557284,sp75:1.482557284)nd76:3.116751194,((sp81:0.5948241891,sp82:0.5948241891)nd87:1.258676532,((sp85:0.9381757255,((sp87:0.2481484899,sp89:0.2481484899)nd88:0.3052756405,sp83:0.5534241304)nd86:0.3847515951)nd84:0.2466371382,(sp84:0.2765632232,(sp90:0.08509846662,(sp91:0.04824709795,sp92:0.04824709795)nd91:0.03685136868)nd89:0.1914647566)nd82:0.9082496405)nd75:0.6686878572)nd70:2.745807757)nd61;|12|sp75=1,sp79=1,sp81=1,sp82=2,sp83=2,sp84=2,sp85=2,sp87=2,sp89=1,sp90=2,sp91=2,sp92=2
1.13711183546993|1.15012895970048|1.26245546619548|1.08658251969477|1.3491630394376|1.14911415608|(((sp183:0.1370124783,sp184:0.1370124783)nd185:0.09262114475,sp174:0.229633623)nd174:7.87320106,(((((sp160:2.591030731,(sp166:0.3147748628,sp167:0.3147748628)nd169:2.276255868)nd99:0.1989447732,sp122:2.789975504)nd96:0.5312676191,sp153:3.321243123)nd69:0.5574158675,((sp170:1.935618145,((sp182:0.1616588316,(sp185:0.1314203042,sp186:0.1314203042)nd189:0.03023852744)nd176:0.432477807,sp159:0.5941366386)nd165:1.341481507)nd117:0.4964307958,(((sp190:0.002120766038,sp191:0.002120766038)nd177:0.5069727499,(sp175:0.2008683122,(sp178:0.1679390028,(sp188:0.07252048894,sp189:0.07252048894)nd187:0.09541851387)nd186:0.03292930942)nd178:0.3082252037)nd168:1.301044272,(sp134:1.249050731,sp172:1.249050731)nd146:0.5610870564)nd131:0.6219111535)nd101:1.44661005)nd49:0.4353627021,((sp176:0.1833350585,sp177:0.1833350585)nd184:0.08053003521,sp173:0.2638650937)nd183:4.050156599)nd45:3.78881299)nd11;|24|sp122=1,sp134=2,sp153=2,sp159=2,sp160=2,sp166=2,sp167=1,sp170=2,sp172=1,sp173=2,sp174=1,sp175=1,sp176=2,sp177=2,sp178=1,sp182=2,sp183=1,sp184=1,sp185=1,sp186=1,sp188=1,sp189=1,sp190=1,sp191=1
1.16472792255283|1.20921126725412|1.12959527596114|1.04976021006564|1.11830440724655|1.09590001162132|((((sp64:0.4872613898,sp59:0.4872613898)nd61:1.077729201,sp54:1.564990591)nd55:1.43195514,((sp67:0.2017688118,sp68:0.2017688118)nd50:2.665697616,((sp65:0.271917117,sp66:0.271917117)nd65:0.3341678297,sp58:0.6060849467)nd63:2.261381481)nd43:0.1294793028)nd36:5.382445736,(sp61:2.418541147,sp46:2.418541147)nd40:5.96085032)nd1;|10|sp46=2,sp54=2,sp58=2,sp59=1,sp61=2,sp64=2,sp65=2,sp66=2,sp67=1,sp68=1
1.20331369924832|1.07369754766764|1.14486202068923|1.10697855105512|1.17163026392136|1.26784421353375|((sp82:3.283087351,(sp92:1.221147153,(sp94:0.1315940581,sp95:0.1315940581)nd91:1.089553095)nd87:2.061940197)nd61:0.6405440871,(sp90:0.2647412283,sp91:0.2647412283)nd52:3.65889021)nd44;|6|sp82=2,sp90=1,sp91=1,sp92=1,sp94=1,sp95=1
1.1957837800985|1.19740879014116|1.10634431307708|1.17826435570241|1.14371551513514|1.12687433221169|((((sp138:0.1582269097,(sp143:0.1005700427,sp144:0.1005700427)nd145:0.05765686702)nd133:1.221652823,((sp139:0.1353850615,sp140:0.1353850615)nd139:0.7305233614,(sp133:0.311666965,sp134:0.311666965)nd143:0.5542414579)nd134:0.5139713093)nd130:1.051979629,(sp145:0.01630744619,sp146:0.01630744619)nd136:2.415551915)nd106:5.412100904,((sp141:0.127949612,sp142:0.127949612)nd144:0.03437385979,sp137:0.1623234718)nd141:7.681636794)nd2;|12|sp133=1,sp134=1,sp137=1,sp138=1,sp139=1,sp140=1,sp141=2,sp142=2,sp143=1,sp144=1,sp145=1,sp146=1
1.21345821577966|1.34751571960004|1.11516708900914|1.3138170428787|1.0860406055275|1.05541188416704|((((sp74:0.3971124632,sp75:0.3971124632)nd84:0.1979398431,(sp82:0.2084387519,sp83:0.2084387519)nd85:0.3866135544)nd77:0.3083798802,((sp86:0.007540535269,sp87:0.007540535269)nd81:0.6928234295,sp68:0.7003639647)nd78:0.2030682218)nd71:1.942005833,((sp76:0.3189952721,sp77:0.3189952721)nd80:2.433015615,(((sp70:0.5975440777,sp84:0.5975440777)nd72:0.6002666248,sp72:1.197810703)nd67:1.302911618,(sp65:0.9614316267,sp63:0.9614316267)nd74:1.539290693)nd48:0.2512885674)nd44:0.09342713212)nd40;|14|sp63=2,sp65=1,sp68=2,sp70=2,sp72=2,sp74=1,sp75=2,sp76=1,sp77=1,sp82=2,sp83=1,sp84=1,sp86=2,sp87=2
1.13637029716813|1.2206338001838|1.25354347287892|1.2165035609212|1.22097980714195|1.15853615297651|(((sp87:0.465612393,sp88:0.465612393)nd87:2.760429589,sp83:3.226041982)nd72:2.56106348,(sp86:0.5793752838,(sp89:0.07617682666,sp90:0.07617682666)nd89:0.5031984572)nd86:5.207730178)nd26;|6|sp83=1,sp86=1,sp87=2,sp88=2,sp89=2,sp90=2
1.21253079158784|1.0173272704548|1.09873053367934|1.20959483606673|1.18178212671277|1.18470756393879|((sp129:2.619410428,(sp128:1.24218181,(sp168:0.08205747078,sp169:0.08205747078)nd153:1.160124339)nd148:1.377228619)nd83:6.491260992,(((((sp126:1.390952886,((sp143:0.7261773826,(sp172:0.0570771072,sp173:0.0570771072)nd166:0.6691002754)nd146:0.5686161085,((sp166:0.2302427935,sp160:0.2302427935)nd160:0.8045569048,((sp158:0.3442096319,sp159:0.3442096319)nd162:0.6347221385,sp146:0.9789317703)nd161:0.05586792796)nd147:0.2599937928)nd143:0.09615939449)nd142:0.6617382739,(sp138:1.053364504,((sp164:0.1256571062,sp165:0.1256571062)nd172:0.5486241501,sp148:0.6742812564)nd159:0.3790832473)nd135:0.9993266558)nd127:0.2026212807,(sp162:0.2012982593,sp163:0.2012982593)nd170:2.054014181)nd93:3.477572716,(sp144:2.119147767,sp135:2.119147767)nd124:3.613737389)nd22:0.6833040464,((((sp170:0.07870635841,sp171:0.07870635841)nd168:0.4985911008,sp155:0.5772974592)nd150:0.5964151075,((sp140:0.80484783,sp151:0.80484783)nd164:0.1348076645,sp137:0.9396554944)nd151:0.2340570722)nd137:4.127986715,sp125:5.301699282)nd33:1.114489921)nd7:2.694482218)nd1;|28|sp125=1,sp126=2,sp128=2,sp129=1,sp135=1,sp137=2,sp138=1,sp140=2,sp143=2,sp144=1,sp146=1,sp148=1,sp151=1,sp155=2,sp158=2,sp159=1,sp160=1,sp162=1,sp163=1,sp164=1,sp165=2,sp166=1,sp168=1,sp169=1,sp170=1,sp171=1,sp172=1,sp173=2
1.16971825730085|1.22058666133327|1.09976447540839|1.09949539444176|1.09148080343184|1.1312649500283|(((sp66:0.1764004421,sp67:0.1764004421)nd65:0.5283998357,sp58:0.7048002777)nd51:5.962325488,((sp61:0.2928510552,sp65:0.2928510552)nd53:2.25201218,((sp63:0.7381452193,((sp50:0.6883866955,sp51:0.6883866955)nd59:0.04649626236,(sp60:0.6547769349,sp52:0.6547769349)nd60:0.08010602294)nd58:0.003262261447)nd55:0.05433815422,sp55:0.7924833735)nd54:1.752379862)nd42:4.12226253)nd3;|11|sp50=2,sp51=1,sp52=1,sp55=1,sp58=2,sp60=1,sp61=2,sp63=1,sp65=2,sp66=1,sp67=2
1.13902147495054|1.055844488569|1.16901954310519|1.22652494078003|1.16590560994854|1.21201035364101|(sp97:0.008132407594,sp98:0.008132407594)nd97;|2|sp97=2,sp98=2
1.06339120764101|1.12634474334431|1.12405388952034|1.23505659588157|1.12923037194427|1.07668169316125|((sp24:1.14142177,(sp25:0.4181614123,(sp29:0.01667287517,sp30:0.01667287517)nd28:0.4014885371)nd27:0.7232603576)nd23:2.624936591,((sp27:0.1264767661,sp28:0.1264767661)nd29:0.2626779825,sp26:0.3891547486)nd25:3.377203613)nd15;|7|sp24=1,sp25=1,sp26=2,sp27=2,sp28=1,sp29=1,sp30=1
1.14365793961412|1.37990241924887|1.22784539589496|1.13288174030652|1.14487616564851|1.08123358045039|(((sp111:0.2440786499,sp112:0.2440786499)nd111:0.4492307216,(sp110:0.2556087561,((sp114:0.08430492764,sp115:0.08430492764)nd114:0.01180666516,sp113:0.0961115928)nd113:0.1594971633)nd112:0.4377006154)nd110:8.451372193,sp108:9.144681565)nd4;|7|sp108=2,sp110=1,sp111=2,sp112=2,sp113=2,sp114=2,sp115=2
1.19365682783964|1.20948809438525|1.18975114226162|1.16423665366893|1.12627816210636|1.17981704104188|(((sp69:0.1862691177,sp70:0.1862691177)nd67:0.5677197851,sp67:0.7539889028)nd52:3.896334384,((sp72:0.08949161511,sp73:0.08949161511)nd66:2.289214811,((sp74:0.08779934052,sp75:0.08779934052)nd74:0.0598447615,sp71:0.147644102)nd71:2.231062324)nd38:2.27161686)nd20;|8|sp67=2,sp69=2,sp70=2,sp71=2,sp72=2,sp73=1,sp74=2,sp75=2
1.17117014214137|1.12104546318273|1.26027158106693|1.1399375346879|1.17710120211314|1.08508020215836|(sp48:2.044208124,sp58:2.044208124)nd45;|2|sp48=1,sp58=1
1.15370700717925|1.18490455883667|1.13003908462022|1.17412766702796|1.10913370333399|1.13220962986089|(((sp69:1.67059559,sp86:1.67059559)nd65:1.254500437,((sp84:0.4179198916,(sp81:0.2912957185,sp82:0.2912957185)nd85:0.1266241731)nd63:1.880908922,sp63:2.298828813)nd49:0.6262672143)nd46:0.7468677105,(sp74:0.8292472114,sp77:0.8292472114)nd80:2.842716527)nd41;|8|sp63=1,sp69=2,sp74=1,sp77=2,sp81=1,sp82=2,sp84=1,sp86=2
1.12558835354271|1.13543039092524|1.15757401258328|1.17445887164178|1.1526433707691|1.06585175765854|(((sp91:0.4766335548,sp93:0.4766335548)nd91:0.7580219458,sp84:1.234655501)nd89:3.533018363,(sp89:0.8827689134,sp90:0.8827689134)nd88:3.88490495)nd49;|5|sp84=2,sp89=2,sp90=2,sp91=1,sp93=1
1.11170039327561|1.20780003527832|1.2221663931526|1.08285701396188|1.08589010673426|1.17743906747592|(((((sp73:0.406076803,sp65:0.406076803)nd63:2.033279454,((sp72:0.1521125156,(sp81:0.07910030847,sp82:0.07910030847)nd81:0.07301220711)nd71:1.172070416,(sp51:1.292995279,sp58:1.292995279)nd59:0.03118765338)nd53:1.115173325)nd38:0.1689692451,(((sp77:0.1016087592,sp78:0.1016087592)nd72:0.9085204403,(((sp70:0.2311095906,sp71:0.2311095906)nd75:0.179637449,sp64:0.4107470396)nd73:0.1291166163,(sp66:0.3830030681,sp67:0.3830030681)nd74:0.1568605878)nd68:0.4702655436)nd66:0.2522826157,sp52:1.262411815)nd57:1.345913687)nd28:0.8473785135,sp43:3.455704016)nd27:1.296941926,((sp75:0.1214876728,sp76:0.1214876728)nd79:0.1043891657,sp80:0.2258768385)nd78:4.526769103)nd18;|19|sp43=2,sp51=2,sp52=2,sp58=1,sp64=1,sp65=2,sp66=1,sp67=2,sp70=1,sp71=1,sp72=2,sp73=1,sp75=1,sp76=1,sp77=2,sp78=2,sp80=1,sp81=2,sp82=2
1.26779856761061|1.22731674598538|1.17936882931631|1.28579910261888|1.19862442856582|1.0904677770441|((((sp136:0.213588614,sp137:0.213588614)nd139:2.065677805,sp96:2.279266419)nd86:2.765021206,((sp141:0.07212257349,sp142:0.07212257349)nd141:0.5084777794,sp133:0.5806003529)nd90:4.463687273)nd26:0.6460765094,((sp131:0.5984641182,sp132:0.5984641182)nd135:0.7326267161,(sp134:0.7849402424,(sp138:0.2094498092,sp139:0.2094498092)nd138:0.5754904332)nd134:0.5461505919)nd120:4.359273301)nd25;|11|sp96=2,sp131=1,sp132=2,sp133=2,sp134=2,sp136=2,sp137=2,sp138=2,sp139=2,sp141=1,sp142=1
1.16374873540611|1.22548013768341|1.17613252260713|1.2039713961387|1.1733036203026|1.10684358764421|((sp152:3.770556205,((sp131:1.239211135,((sp165:0.08066156628,sp166:0.08066156628)nd165:0.5858608774,sp146:0.6665224437)nd148:0.5726886918)nd144:0.169608744,sp162:1.408819879)nd123:2.361736325)nd81:3.871859198,(((sp151:0.5703133387,(sp168:0.3856031995,sp156:0.3856031995)nd164:0.1847101392)nd156:4.171951888,((sp157:0.3627377925,sp158:0.3627377925)nd159:0.337237058,sp144:0.6999748505)nd155:4.042290376)nd55:1.226090745,((sp154:0.3875460257,sp155:0.3875460257)nd158:0.6868277202,sp134:1.074373746)nd146:4.893982225)nd47:1.674059432)nd33;|15|sp131=2,sp134=1,sp144=2,sp146=2,sp151=1,sp152=1,sp154=2,sp155=2,sp156=1,sp157=2,sp158=1,sp162=1,sp165=2,sp166=2,sp168=1
1.12264481833863|1.26758701659094|1.17043881543057|1.15475584829002|1.0808022464552|1.04960133303713|(((((sp363:0.07234939633,sp364:0.07234939633)nd350:0.8853093924,sp344:0.9576587887)nd322:1.10044258,(((sp376:0.03639491426,sp377:0.03639491426)nd353:0.8536812848,sp350:0.8900761991)nd342:0.602975505,sp375:1.493051704)nd296:0.5650496644)nd172:5.560795844,((sp260:1.646007949,(sp332:0.4652057529,sp339:0.4652057529)nd326:1.180802196)nd222:5.365003774,((sp322:0.5858713768,sp323:0.5858713768)nd331:1.686643002,(sp368:1.063733113,((sp327:0.4165277504,(sp338:0.2758021752,sp341:0.2758021752)nd370:0.1407255752)nd345:0.6042256215,(sp360:0.07947092843,sp361:0.07947092843)nd336:0.9412824435)nd333:0.04297974127)nd259:1.208781265)nd183:4.738497344)nd21:0.6078854893)nd13:0.4791997126,(((sp309:2.785961366,(((sp379:0.03032645159,sp380:0.03032645159)nd374:0.5043674349,(sp366:0.06411436681,sp367:0.06411436681)nd366:0.4705795197)nd360:0.1698067694,sp324:0.7045006559)nd293:2.08146071)nd192:1.111396083,(sp284:1.015129075,(sp334:0.3215875053,sp335:0.3215875053)nd358:0.6935415693)nd275:2.882228375)nd100:3.014075883,((((sp294:0.8972010292,sp311:0.8972010292)nd349:1.060675703,sp259:1.957876733)nd246:2.346397767,(((((sp370:0.06088368391,sp371:0.06088368391)nd378:0.636664726,(sp328:0.3965775889,(sp346:0.2155562877,sp347:0.2155562877)nd371:0.1810213012)nd363:0.3009708211)nd328:0.9682131363,(sp318:0.6279997708,sp319:0.6279997708)nd298:1.037761775)nd294:0.03131097611,(((sp381:0.01375181136,sp382:0.01375181136)nd381:0.01659180159,sp378:0.03034361295)nd357:0.7765080525,sp304:0.8068516655)nd299:0.8902208569)nd244:2.095519041,sp337:3.792591563)nd133:0.5116829359)nd107:0.3487689529,(((sp239:2.669658205,((sp349:0.9989530316,(sp352:0.1426013292,sp353:0.1426013292)nd339:0.8563517024)nd324:0.1517858076,(sp354:0.1244845261,sp355:0.1244845261)nd369:1.026254313)nd260:1.518919365)nd223:0.453834953,sp267:3.123493158)nd193:0.007268191423,((sp320:0.6122146503,sp321:0.6122146503)nd359:0.7176429584,(sp357:0.1926009473,((sp365:0.06901380559,(sp372:0.05912464484,sp373:0.05912464484)nd380:0.009889160758)nd379:0.006805614618,sp362:0.07581942021)nd376:0.1167815271)nd317:1.137256661)nd261:1.80090374)nd178:1.522282103)nd91:2.25838988)nd18:1.186663593)nd6;|56|sp239=1,sp259=1,sp260=2,sp267=2,sp284=2,sp294=1,sp304=1,sp309=1,sp311=2,sp318=2,sp319=2,sp320=1,sp321=1,sp322=2,sp323=2,sp324=2,sp327=1,sp328=1,sp332=2,sp334=1,sp335=1,sp337=2,sp338=2,sp339=2,sp341=2,sp344=1,sp346=1,sp347=1,sp349=2,sp350=2,sp352=2,sp353=2,sp354=1,sp355=1,sp357=2,sp360=1,sp361=1,sp362=2,sp363=2,sp364=1,sp365=2,sp366=2,sp367=2,sp368=1,sp370=2,sp371=2,sp372=2,sp373=2,sp375=2,sp376=1,sp377=1,sp378=1,sp379=1,sp380=1,sp381=1,sp382=1
1.13708556487487|1.18640527100237|1.1285144557331|1.12984267722491|1.22388888911046|1.13923185345675|((sp44:0.09185618365,(sp45:0.04048904274,sp46:0.04048904274)nd45:0.05136714091)nd44:0.05414713126,sp43:0.1460033149)nd43;|4|sp43=1,sp44=1,sp45=1,sp46=1
1.13164946406697|1.17346248023977|1.14988620944668|1.2100729253124|1.18162794219648|1.0924910586602|((((((sp81:0.2562281378,(sp93:0.06868714774,sp94:0.06868714774)nd96:0.18754099)nd94:0.1720226475,(sp95:0.0437992651,sp96:0.0437992651)nd95:0.3844515202)nd89:1.371828284,((sp83:0.1864149725,((sp91:0.09050587594,sp92:0.09050587594)nd99:0.03897640964,sp90:0.1294822856)nd98:0.05693268696)nd88:0.6289715454,sp73:0.8153865179)nd74:0.9846925517)nd51:1.069914977,sp97:2.869994047)nd34:0.7476330296,((((sp68:0.8009796608,(sp75:0.5504099392,sp76:0.5504099392)nd87:0.2505697216)nd81:0.9131815578,sp77:1.714161219)nd52:0.7655102972,(sp88:0.1550985615,sp89:0.1550985615)nd49:2.324572954)nd39:0.2601687815,((sp99:0.002569364343,sp100:0.002569364343)nd93:0.5096681029,sp80:0.5122374673)nd71:2.22760283)nd35:0.8777867789)nd29:2.452178026,(((sp84:0.1612155776,sp85:0.1612155776)nd97:0.05034896751,sp82:0.2115645451)nd78:0.8806252155,sp55:1.092189761)nd72:4.977615341)nd17;|24|sp55=1,sp68=2,sp73=2,sp75=2,sp76=2,sp77=1,sp80=1,sp81=1,sp82=2,sp83=1,sp84=2,sp85=2,sp88=1,sp89=1,sp90=1,sp91=1,sp92=2,sp93=2,sp94=2,sp95=1,sp96=1,sp97=2,sp99=1,sp100=1
1.15562686664703|1.11917522965683|1.10891352394055|1.160873436338|1.07509383017029|1.28032119682102|(((((sp146:2.023989037,sp117:2.023989037)nd128:0.8608800424,sp136:2.88486908)nd105:1.377357915,(((sp162:0.06289910398,sp163:0.06289910398)nd162:0.08212379134,sp161:0.1450228953)nd144:2.400826569,((((sp159:0.1705497527,sp160:0.1705497527)nd159:0.3295462823,sp152:0.5000960351)nd155:0.1258679323,sp144:0.6259639674)nd131:1.453348644,sp149:2.079312611)nd123:0.4665368528)nd106:1.71637753)nd74:1.890145943,sp156:6.152372938)nd56:2.973479454,(sp128:3.929075967,((sp157:0.192946416,sp158:0.192946416)nd157:0.3383585077,(sp150:0.3386034269,sp153:0.3386034269)nd158:0.1927014969)nd142:3.397771043)nd81:5.196776425)nd3;|17|sp117=2,sp128=2,sp136=1,sp144=1,sp146=2,sp149=2,sp150=1,sp152=1,sp153=2,sp156=1,sp157=1,sp158=2,sp159=1,sp160=2,sp161=1,sp162=2,sp163=2
1.18553980464161|1.13158394617568|1.1341309506154|1.14515306061506|1.11396882239824|1.22999242192861|((((sp112:0.339523232,sp116:0.339523232)nd103:0.855215267,sp84:1.194738499)nd79:3.156673198,(((sp86:1.336621409,(sp117:0.1648368483,sp118:0.1648368483)nd100:1.171784561)nd94:0.8874571141,((((sp106:0.6538650175,sp98:0.6538650175)nd116:0.4810517763,((sp113:0.3314144261,sp114:0.3314144261)nd122:0.1898839039,sp103:0.52129833)nd107:0.6136184637)nd101:0.1129481049,(((sp127:0.05795423747,(sp128:0.006741563076,sp129:0.006741563076)nd128:0.0512126744)nd119:0.5667321716,sp100:0.6246864091)nd112:0.144799069,(sp110:0.3907998078,sp111:0.3907998078)nd113:0.3786856703)nd110:0.4783794205)nd95:0.2782447228,(sp124:0.4272198832,(sp121:0.1006817248,sp122:0.1006817248)nd126:0.3265381584)nd108:1.098889738)nd93:0.697968902)nd69:1.987394608,(((sp125:0.09162177623,sp126:0.09162177623)nd123:2.525239105,sp97:2.616860881)nd56:0.9632971583,(sp101:0.6200465908,sp102:0.6200465908)nd89:2.960111448)nd49:0.6313150924)nd45:0.1399385656)nd43:1.169609943,(sp120:0.8936140739,sp90:0.8936140739)nd105:4.627407566)nd26;|27|sp84=1,sp86=1,sp90=1,sp97=2,sp98=1,sp100=1,sp101=1,sp102=1,sp103=1,sp106=1,sp110=1,sp111=1,sp112=1,sp113=1,sp114=1,sp116=2,sp117=2,sp118=2,sp120=2,sp121=1,sp122=2,sp124=2,sp125=1,sp126=1,sp127=1,sp128=1,sp129=1
1.23843764049197|1.25771247551366|1.21947523752398|1.19495981721247|1.16886093337701|1.25382326749233|((((sp45:0.01696351713,sp46:0.01696351713)nd45:0.004175555761,sp44:0.02113907289)nd44:1.252446108,(sp36:0.7082143357,(sp38:0.3970338139,sp39:0.3970338139)nd41:0.3111805218)nd39:0.5653708456)nd33:0.07254298012,(sp40:0.2326932635,sp41:0.2326932635)nd38:1.113434898)nd29;|8|sp36=2,sp38=2,sp39=2,sp40=1,sp41=1,sp44=1,sp45=1,sp46=1
1.15000527745469|1.08797359232927|1.16186093686808|1.17932598350692|1.22127220867735|1.19157856551704|(((sp59:1.099995028,sp61:1.099995028)nd60:0.2414960056,(sp65:1.030724708,sp60:1.030724708)nd61:0.3107663258)nd58:1.624120757,sp56:2.965611791)nd49;|5|sp56=2,sp59=2,sp60=1,sp61=1,sp65=2
1.20350128930623|1.19301620124644|1.1258033632044|1.21592196564952|1.19668530183405|1.19433915881399|((sp142:3.759011524,sp149:3.759011524)nd92:2.612304125,(((sp134:2.625580465,(sp162:0.08037796252,sp163:0.08037796252)nd162:2.545202503)nd109:0.2413029397,sp154:2.866883405)nd96:1.471879767,((sp113:1.873301461,((sp147:0.9407720482,sp145:0.9407720482)nd156:0.404185006,(sp160:0.4768242921,sp156:0.4768242921)nd159:0.8681327621)nd148:0.5283444064)nd124:0.4275935837,(sp158:0.222155633,sp159:0.222155633)nd160:2.078739411)nd107:2.037868128)nd81:2.032552476)nd27;|13|sp113=2,sp134=2,sp142=1,sp145=2,sp147=1,sp149=1,sp154=2,sp156=2,sp158=2,sp159=1,sp160=2,sp162=1,sp163=1
1.07277743431413|1.25407370200995|1.09651029034122|1.14375467113485|1.25080714476829|1.23230120636723|((((sp105:0.09669096697,sp106:0.09669096697)nd107:0.04084511356,sp104:0.1375360805)nd104:1.650253869,(sp97:1.509369921,((sp107:0.07954877164,sp108:0.07954877164)nd101:1.105743266,((sp102:0.1415872543,sp103:0.1415872543)nd105:0.211604993,(sp100:0.1529323498,sp101:0.1529323498)nd106:0.2002598974)nd102:0.8320997904)nd98:0.324077883)nd96:0.2784200291)nd87:1.316947136,sp96:3.104737086)nd82;|11|sp96=2,sp97=1,sp100=2,sp101=2,sp102=2,sp103=1,sp104=2,sp105=2,sp106=2,sp107=1,sp108=2
1.2648658377222|1.13980204249914|1.17765726067378|1.13565155816382|1.28067129368854|1.14908767542256|((((sp109:0.8316121298,((sp126:0.2124082599,sp127:0.2124082599)nd129:0.2271712286,sp124:0.4395794885)nd122:0.3920326414)nd118:0.1625494693,(sp122:0.3248936598,(sp130:0.1310095309,sp131:0.1310095309)nd131:0.193884129)nd116:0.6692679393)nd86:1.941798277,((sp112:0.7145154905,((sp132:0.03141586324,sp133:0.03141586324)nd132:0.2354893426,sp125:0.2669052059)nd128:0.4476102847)nd120:0.1305011342,sp115:0.8450166248)nd119:2.090943251)nd85:2.339421097,((sp120:0.7342597218,((sp128:0.1498023492,sp129:0.1498023492)nd127:0.3756515745,sp114:0.5254539237)nd124:0.2088057981)nd106:2.483725029,(sp118:0.4379604759,sp119:0.4379604759)nd126:2.780024275)nd75:2.057396223)nd31;|18|sp109=2,sp112=1,sp114=2,sp115=2,sp118=1,sp119=1,sp120=1,sp122=1,sp124=1,sp125=2,sp126=2,sp127=2,sp128=2,sp129=2,sp130=1,sp131=1,sp132=1,sp133=1
1.18856587306445|1.07411204348021|1.12435176650895|1.15148023023236|1.11332615186818|1.08874751105354|(((sp212:1.338901828,((sp235:0.6343993933,sp230:0.6343993933)nd240:0.4689698369,sp205:1.10336923)nd230:0.2355325975)nd221:2.378588127,((sp213:2.994155749,sp257:2.994155749)nd159:0.3079790918,sp220:3.302134841)nd156:0.4153551141)nd144:6.132986199,((((sp246:0.3290883899,sp247:0.3290883899)nd244:2.607633435,(sp232:1.841188493,((sp219:0.8505249506,((sp231:0.5556682498,((sp259:0.1057541798,sp260:0.1057541798)nd257:0.4109263939,sp236:0.5166805737)nd256:0.03898767609)nd252:0.1946422094,sp223:0.7503104592)nd248:0.1002144913)nd246:0.6759476589,((sp261:0.0441689994,sp262:0.0441689994)nd259:0.7701151782,sp238:0.8142841776)nd228:0.7121884318)nd212:0.3147158838)nd174:1.095533332)nd163:3.389917932,(((sp185:1.667344802,(sp248:0.2802259178,(sp253:0.1372910677,sp254:0.1372910677)nd261:0.1429348501)nd220:1.387118884)nd218:1.413045953,((sp255:0.4180358263,sp243:0.4180358263)nd258:0.9954446369,(sp229:0.6409302211,(sp263:0.0149329598,sp264:0.0149329598)nd262:0.6259972613)nd243:0.7725502421)nd205:1.666910292)nd154:2.370072194,sp225:5.450462949)nd104:0.876176808)nd61:2.895102923,(sp201:5.77928205,((sp250:0.2212086605,(sp251:0.1723134452,sp252:0.1723134452)nd263:0.0488952153)nd203:4.23582098,sp197:4.45702964)nd115:1.32225241)nd96:3.442460629)nd7:0.6287334742)nd1;|34|sp185=1,sp197=1,sp201=2,sp205=1,sp212=1,sp213=1,sp219=1,sp220=1,sp223=2,sp225=2,sp229=1,sp230=1,sp231=1,sp232=2,sp235=1,sp236=2,sp238=1,sp243=1,sp246=1,sp247=1,sp248=2,sp250=2,sp251=1,sp252=2,sp253=2,sp254=2,sp255=2,sp257=2,sp259=1,sp260=1,sp261=1,sp262=1,sp263=1,sp264=1
1.21150818494419|1.21885947261264|1.08486554274665|1.17709819603082|1.18917768863052|1.10524721801988|(((((sp117:0.201159644,sp118:0.201159644)nd119:0.005256819877,sp116:0.2064164638)nd118:0.4503771559,(sp119:0.0227460332,sp120:0.0227460332)nd117:0.6340475865)nd115:0.04982628322,sp114:0.7066199029)nd111:9.118014023,sp113:9.824633926)nd1;|7|sp113=2,sp114=1,sp116=1,sp117=2,sp118=1,sp119=2,sp120=2
1.15547536699542|1.20894426919451|1.1237092913018|1.18775569722896|1.10122245842057|0.99450434845592|(((((sp80:0.4643547038,((sp87:0.3313040492,sp83:0.3313040492)nd94:0.1034886934,(sp94:0.08956146345,sp95:0.08956146345)nd95:0.3452312791)nd93:0.02956196119)nd82:0.9495065648,sp69:1.413861269)nd77:0.6011196817,(sp92:0.1114266619,sp93:0.1114266619)nd73:1.903554288)nd53:1.727091147,((((sp91:0.1315072279,(sp96:0.03537550626,sp97:0.03537550626)nd98:0.09613172159)nd97:0.08508594801,sp86:0.2165931759)nd92:0.26501801,sp79:0.4816111858)nd76:1.61234074,((sp98:0.01949925042,sp99:0.01949925042)nd88:1.149813764,(sp84:0.5323448478,(sp89:0.1652373323,sp90:0.1652373323)nd91:0.3671075155)nd86:0.6369681667)nd83:0.9246389118)nd65:1.648120171)nd42:2.545010293,(sp81:0.3697753712,sp82:0.3697753712)nd89:5.917307018)nd17;|20|sp69=2,sp79=2,sp80=1,sp81=2,sp82=2,sp83=2,sp84=1,sp86=1,sp87=2,sp89=1,sp90=1,sp91=2,sp92=1,sp93=2,sp94=2,sp95=2,sp96=2,sp97=2,sp98=1,sp99=1
1.297737782153|1.19519609706188|1.05678520794416|1.16674079561741|1.03419891469453|1.29324244960986|((sp248:0.6076828756,sp249:0.6076828756)nd218:8.103018079,(sp186:5.93511567,((sp198:4.451955738,((((sp211:1.170057856,sp238:1.170057856)nd226:1.027716634,(sp253:1.868265689,(sp245:0.6503552945,((sp270:0.2862106241,sp271:0.2862106241)nd284:0.09322318846,sp265:0.3794338125)nd274:0.270921482)nd204:1.217910395)nd178:0.3295088011)nd161:0.2406331235,(sp221:2.28014384,(((sp269:0.3209874064,(sp278:0.1521402444,sp279:0.1521402444)nd287:0.1688471619)nd234:1.013334511,sp195:1.334321917)nd228:0.1833452978,(sp210:1.177416386,((sp227:0.8014537278,sp259:0.8014537278)nd259:0.06510817222,(sp266:0.3652122347,sp267:0.3652122347)nd277:0.5013496653)nd256:0.3108544864)nd229:0.3402508287)nd217:0.7624766249)nd165:0.1582637736)nd138:1.284026315,(sp230:2.697960533,((((sp284:0.06481302962,(sp287:0.03041985799,sp288:0.03041985799)nd289:0.03439317163)nd282:0.3889593413,((sp285:0.05728036202,sp286:0.05728036202)nd288:0.1660371892,sp277:0.2233175512)nd283:0.2304548197)nd272:0.2799236365,sp264:0.7336960074)nd220:1.644828657,sp214:2.378524665)nd153:0.3194358683)nd119:1.024473396)nd85:0.7295218089)nd36:1.014283109,((((sp282:0.06761104952,sp283:0.06761104952)nd248:1.055618857,(sp289:0.0168518426,sp290:0.0168518426)nd249:1.106378064)nd212:0.6383395257,sp239:1.761569432)nd182:0.9998597124,((sp226:0.8314479826,((sp251:0.5338084652,sp281:0.5338084652)nd270:0.2052466456,(sp255:0.6302517211,(sp272:0.2466864684,sp273:0.2466864684)nd276:0.3835652528)nd271:0.1088033897)nd267:0.09239287172)nd254:1.009869015,((sp276:0.3272360323,sp268:0.3272360323)nd278:0.2164431201,sp262:0.5436791523)nd242:1.297637846)nd200:0.9201121465)nd130:2.704809702)nd32:0.468876823)nd20:2.775585284)nd3;|44|sp186=1,sp195=1,sp198=1,sp210=1,sp211=1,sp214=1,sp221=1,sp226=2,sp227=2,sp230=1,sp238=2,sp239=1,sp245=2,sp248=1,sp249=2,sp251=1,sp253=1,sp255=1,sp259=2,sp262=2,sp264=2,sp265=2,sp266=2,sp267=1,sp268=2,sp269=1,sp270=2,sp271=2,sp272=1,sp273=1,sp276=2,sp277=1,sp278=1,sp279=1,sp281=1,sp282=2,sp283=2,sp284=2,sp285=2,sp286=2,sp287=2,sp288=2,sp289=1,sp290=1
1.16198652532797|1.2695106719303|1.14091638385218|1.09577668311429|1.12125259267502|1.05455459668029|(((sp55:0.7195638843,((sp61:0.1427537902,sp65:0.1427537902)nd62:0.3032588519,(sp62:0.1000942356,sp63:0.1000942356)nd63:0.3459184064)nd60:0.2735512422)nd58:0.3241341512,sp58:1.043698036)nd50:3.037449974,((sp56:0.6454663596,sp57:0.6454663596)nd55:1.156975206,sp53:1.802441566)nd49:2.278706444)nd35;|9|sp53=2,sp55=2,sp56=1,sp57=2,sp58=1,sp61=1,sp62=1,sp63=2,sp65=1
1.16316943351986|1.07894365949063|1.15091297837555|1.19887785421377|1.18122742025419|1.20101777200625|(sp70:4.708796887,(sp64:0.5542129174,sp65:0.5542129174)nd66:4.154583969)nd5;|3|sp64=2,sp65=2,sp70=1
1.14893271514449|1.29281362516716|1.17752081725535|1.24614045566947|1.15725451797944|1.0530241844048|((((sp174:0.3933173596,sp175:0.3933173596)nd172:0.6919908664,(sp179:0.5018385349,(sp176:0.180812093,sp177:0.180812093)nd178:0.3210264419)nd174:0.5834696911)nd169:1.567417264,sp169:2.65272549)nd156:6.583317863,(sp172:0.584714292,sp173:0.584714292)nd175:8.651329061)nd6;|8|sp169=1,sp172=1,sp173=1,sp174=2,sp175=1,sp176=2,sp177=2,sp179=2
1.27134518331972|1.06145757336539|1.1307196190263|1.05036910920877|1.1316077047365|1.17576492232463|((sp26:0.05207593542,sp27:0.05207593542)nd26:0.6091429446,sp25:0.66121888)nd25;|3|sp25=2,sp26=2,sp27=2
1.19437604056374|1.086315432322|1.08628010758636|1.24503833779264|1.16836352047579|1.24093335969289|((sp33:0.5041965265,sp34:0.5041965265)nd33:0.05903195614,sp32:0.5632284827)nd32;|3|sp32=1,sp33=1,sp34=2
1.17233713146184|1.17639712805124|1.08141120757213|1.13262342468936|1.19284565514209|1.23153977467405|((((sp144:3.394238746,sp133:3.394238746)nd99:0.6165559564,(sp128:3.691453472,((sp154:1.005567365,((sp151:0.2317716478,sp152:0.2317716478)nd153:0.01432623652,sp150:0.2460978843)nd151:0.7594694803)nd119:1.739699204,sp105:2.745266568)nd116:0.9461869038)nd100:0.3193412303)nd92:2.022076387,sp149:6.03287109)nd33:1.609953397,(sp122:2.485460585,sp141:2.485460585)nd110:5.157363903)nd20;|11|sp105=2,sp122=2,sp128=2,sp133=2,sp141=2,sp144=1,sp149=2,sp150=1,sp151=1,sp152=1,sp154=2
1.13021706072609|1.1260637476253|1.07010095281222|1.15698191652818|1.18658563283591|1.10880014201195|((((sp96:1.06477577,(((sp110:0.2374587658,sp111:0.2374587658)nd112:0.03065338671,sp109:0.2681121525)nd109:0.4004320683,sp106:0.6685442208)nd108:0.3962315491)nd101:0.451569537,(sp102:0.6683998464,sp107:0.6683998464)nd102:0.8479454606)nd85:4.668864332,(sp112:0.2142984729,sp113:0.2142984729)nd91:5.970911166)nd23:0.9925679451,(sp82:2.563719619,((sp100:0.8511495365,sp98:0.8511495365)nd100:0.7196349164,(sp92:1.042367909,(sp103:0.5345839793,sp104:0.5345839793)nd105:0.5077839301)nd93:0.5284165434)nd88:0.9929351657)nd59:4.614057966)nd14;|15|sp82=2,sp92=1,sp96=1,sp98=1,sp100=2,sp102=2,sp103=2,sp104=2,sp106=2,sp107=1,sp109=1,sp110=2,sp111=2,sp112=2,sp113=1
1.09329442538356|1.19460192902742|1.14636577798139|1.07429915090835|1.18825244670029|1.04208036120069|(((((sp158:1.63194094,(((sp195:0.1667815878,sp196:0.1667815878)nd211:0.1850810564,sp184:0.3518626442)nd204:0.1939913248,(sp202:0.5102528517,sp171:0.5102528517)nd205:0.03560111725)nd172:1.086086972)nd141:0.3884735332,((sp212:0.003738708325,sp213:0.003738708325)nd200:0.6604759341,(sp200:0.08998879006,sp201:0.08998879006)nd210:0.5742258523)nd173:1.356199831)nd138:0.7964316343,sp133:2.816846108)nd98:2.463175866,((sp210:0.008185481968,sp211:0.008185481968)nd179:4.803077477,sp74:4.811262959)nd43:0.4687590151)nd30:3.624708221,((sp181:2.750439632,((sp191:2.437584749,((sp169:0.8680699199,(sp182:0.3590150385,sp183:0.3590150385)nd189:0.5090548814)nd162:0.8691105273,(sp193:0.1731870136,sp194:0.1731870136)nd169:1.563993434)nd120:0.7004043019)nd114:0.1072520243,(sp190:1.97767826,((sp208:0.02673816955,sp209:0.02673816955)nd212:0.7095425634,(sp206:0.04382269286,sp207:0.04382269286)nd209:0.6924580401)nd167:1.241397527)nd116:0.5671585131)nd102:0.2056028583)nd96:2.167874112,((((sp199:1.195022682,(sp175:0.4211783079,sp176:0.4211783079)nd183:0.7738443742)nd103:2.055374445,sp204:3.250397127)nd78:0.1447505607,(sp99:2.234369799,((sp172:0.5081307406,sp173:0.5081307406)nd196:0.2234196996,(sp187:0.314673879,sp188:0.314673879)nd197:0.4168765613)nd155:1.502819358)nd109:1.160777889)nd70:0.2473421749,(sp178:0.4473187312,(sp185:0.3515393076,sp186:0.3515393076)nd208:0.09577942366)nd92:3.195171131)nd66:1.275823882)nd32:3.986416451)nd3;|38|sp74=1,sp99=2,sp133=2,sp158=1,sp169=2,sp171=2,sp172=2,sp173=2,sp175=2,sp176=2,sp178=2,sp181=2,sp182=2,sp183=1,sp184=1,sp185=1,sp186=1,sp187=2,sp188=2,sp190=2,sp191=1,sp193=2,sp194=2,sp195=2,sp196=2,sp199=1,sp200=1,sp201=2,sp202=1,sp204=2,sp206=2,sp207=2,sp208=2,sp209=2,sp210=1,sp211=1,sp212=1,sp213=1
1.19875653118234|1.237120272296|1.08150705971302|1.23861677799551|1.20975171667946|1.15794955555997|((((((sp203:0.03049730633,sp204:0.03049730633)nd207:0.07917702666,sp196:0.109674333)nd206:1.169298163,((sp172:0.3651073123,(sp207:0.01133244175,sp208:0.01133244175)nd201:0.3537748706)nd197:0.1445093275,sp186:0.5096166398)nd161:0.7693558564)nd145:1.469032809,(sp131:1.805977475,((sp143:0.9231122779,((sp205:0.0197951013,sp206:0.0197951013)nd204:0.2727655628,sp181:0.2925606641)nd175:0.6305516138)nd163:0.3279638686,((sp170:0.7811480544,sp183:0.7811480544)nd180:0.07074414601,((sp153:0.6903972615,sp155:0.6903972615)nd182:0.1208631591,(sp197:0.08874900428,sp198:0.08874900428)nd183:0.7225114164)nd181:0.0406317798)nd164:0.3991839461)nd143:0.5549013284)nd133:0.9420278304)nd103:1.034796328,(sp146:2.164500858,(((sp184:0.2327184561,sp201:0.2327184561)nd203:0.6272995178,(sp177:0.3147341661,(sp199:0.08350684833,sp200:0.08350684833)nd202:0.2312273178)nd179:0.5452838078)nd157:0.5471951434,((sp175:1.017141716,((sp191:0.1482268767,sp192:0.1482268767)nd196:0.4628167597,(sp193:0.4991248887,sp166:0.4991248887)nd195:0.1119187477)nd171:0.4060980796)nd167:0.1033221573,sp136:1.120463873)nd156:0.286749244)nd132:0.7572877411)nd119:1.618300775)nd67:4.13174548,((sp139:4.164064256,sp115:4.164064256)nd56:3.157047231,((sp189:2.16583598,((sp157:0.6011838573,(sp187:0.1844878765,sp188:0.1844878765)nd194:0.4166959808)nd189:1.261964808,(sp178:0.3869360851,sp171:0.3869360851)nd141:1.47621258)nd134:0.3026873149)nd95:2.072442804,sp165:4.238278784)nd45:3.082832703)nd14:0.5934356262)nd3;|39|sp115=1,sp131=2,sp136=2,sp139=1,sp143=1,sp146=2,sp153=1,sp155=1,sp157=2,sp165=1,sp166=2,sp170=2,sp171=1,sp172=2,sp175=1,sp177=1,sp178=1,sp181=1,sp183=2,sp184=1,sp186=1,sp187=1,sp188=1,sp189=2,sp191=2,sp192=2,sp193=2,sp196=2,sp197=1,sp198=2,sp199=2,sp200=1,sp201=1,sp203=2,sp204=2,sp205=2,sp206=2,sp207=1,sp208=1
1.13347990895333|1.14283042071994|1.08974278411091|1.11458676210874|1.11621980217386|1.141133285217|((sp143:0.9528543003,(sp149:0.5689793744,sp150:0.5689793744)nd153:0.383874926)nd148:6.629623537,((sp138:6.190217259,(sp132:2.520107345,sp110:2.520107345)nd125:3.670109914)nd22:1.024892858,(sp136:1.170708345,(sp156:0.04567492671,sp157:0.04567492671)nd155:1.125033418)nd146:6.044401773)nd3:0.3673677198)nd1;|9|sp110=1,sp132=2,sp136=2,sp138=2,sp143=1,sp149=1,sp150=1,sp156=2,sp157=2
1.11029670781815|1.2086946837339|1.10485499797051|1.20924253372997|1.28929777452746|1.17050559474515|((((((sp82:0.0114908823,sp83:0.0114908823)nd79:0.3611220041,sp70:0.3726128864)nd77:0.3822396117,sp66:0.7548524981)nd73:0.6357187373,((sp78:0.1612515606,sp77:0.1612515606)nd81:0.08773922274,sp74:0.2489907833)nd74:1.141580452)nd57:0.3140174245,sp56:1.70458866)nd56:6.640288885,(((sp69:0.6244263069,(sp75:0.2478591605,sp76:0.2478591605)nd78:0.3765671464)nd76:0.7389080677,sp64:1.363334375)nd53:1.076683361,((sp80:0.03612340411,sp81:0.03612340411)nd80:0.3160607658,sp71:0.3521841699)nd55:2.087833566)nd50:5.904859809)nd7;|15|sp56=1,sp64=2,sp66=1,sp69=1,sp70=2,sp71=1,sp74=2,sp75=2,sp76=2,sp77=1,sp78=2,sp80=2,sp81=2,sp82=2,sp83=2
1.10320437028298|1.19601305948341|1.20360427230189|1.1555768633758|1.11402702878887|1.266306993246|(((sp73:0.2061718155,sp75:0.2061718155)nd73:0.3929541242,sp70:0.5991259396)nd68:1.5609726,(sp71:0.2464543526,sp72:0.2464543526)nd71:1.913644187)nd66;|5|sp70=1,sp71=1,sp72=1,sp73=1,sp75=1
1.2480841274273|1.18013345402109|1.14159054247457|1.16783400777938|1.1786149392472|1.10231928515857|(((((((sp208:1.260090404,sp182:1.260090404)nd142:1.549468308,sp224:2.809558712)nd136:0.05113295528,((sp238:0.3722884643,sp265:0.3722884643)nd213:1.477462975,sp155:1.849751439)nd177:1.010940229)nd113:0.4939629339,(sp162:2.294612912,((sp220:1.279161785,sp228:1.279161785)nd221:0.0982481022,((sp215:0.6130491819,sp216:0.6130491819)nd252:0.1526611458,sp247:0.7657103277)nd249:0.61169956)nd159:0.9172030247)nd132:1.060041689)nd112:1.592908146,((((((sp266:0.1280940372,sp267:0.1280940372)nd275:1.879221362,(sp259:0.6740030491,(sp251:0.2102917974,sp252:0.2102917974)nd267:0.4637112516)nd232:1.33331235)nd180:0.8165965534,((sp230:0.9979003354,((sp260:0.1594109324,sp261:0.1594109324)nd264:0.3667328019,(sp241:0.3044960075,sp242:0.3044960075)nd265:0.2216477269)nd260:0.4717566011)nd228:0.5792379061,((sp243:0.3876142839,sp237:0.3876142839)nd219:1.005265204,(sp200:0.8909382799,sp232:0.8909382799)nd242:0.5019412083)nd211:0.1842587534)nd206:1.246773711)nd91:1.302596636,(((sp219:0.5764927988,((sp255:0.2056748558,(sp270:0.1071244096,sp271:0.1071244096)nd274:0.09855044618)nd268:0.2423596906,sp231:0.4480345464)nd262:0.1284582524)nd217:1.436255856,(sp272:0.09660727782,sp273:0.09660727782)nd199:1.916141377)nd176:0.903750685,((sp262:0.1477441661,sp263:0.1477441661)nd245:0.7434303792,(sp248:0.2498778917,sp249:0.2498778917)nd261:0.6412966536)nd216:2.025324794)nd92:1.21000925)nd79:0.3543128322,((sp234:0.707079586,sp213:0.707079586)nd240:0.3496895286,(sp253:0.2070634949,sp254:0.2070634949)nd269:0.8497056196)nd223:3.424052307)nd78:0.1484567366,sp240:4.629278158)nd64:0.3182845895)nd56:1.720189478,(sp268:0.5349729844,sp222:0.5349729844)nd250:6.132779241)nd28:0.7225930975,(((sp276:0.003671181826,sp277:0.003671181826)nd276:0.7183982342,sp212:0.7220694161)nd231:1.038432616,((sp275:0.2189994423,sp250:0.2189994423)nd272:0.8393122972,sp196:1.05831174)nd204:0.7021902924)nd193:5.629843291)nd18;|50|sp155=1,sp162=2,sp182=1,sp196=2,sp200=2,sp208=2,sp212=1,sp213=1,sp215=2,sp216=1,sp219=2,sp220=2,sp222=2,sp224=2,sp228=2,sp230=1,sp231=2,sp232=1,sp234=2,sp237=1,sp238=1,sp240=1,sp241=2,sp242=2,sp243=1,sp247=2,sp248=1,sp249=1,sp250=1,sp251=1,sp252=2,sp253=1,sp254=2,sp255=1,sp259=2,sp260=2,sp261=2,sp262=1,sp263=1,sp265=1,sp266=1,sp267=2,sp268=2,sp270=1,sp271=1,sp272=2,sp273=2,sp275=2,sp276=1,sp277=1
1.10502338255828|1.08029532367203|1.06220509771627|1.22997769381398|1.20201296921762|1.16614835725736|((((sp74:0.321064771,(sp75:0.2540917487,sp76:0.2540917487)nd77:0.06697302231)nd73:0.6149623142,sp69:0.9360270852)nd69:0.1035458741,sp60:1.039572959)nd63:0.5229791569,(sp77:0.05744963461,sp78:0.05744963461)nd76:1.505102482)nd56;|7|sp60=2,sp69=1,sp74=2,sp75=2,sp76=2,sp77=2,sp78=2
1.11858268827655|1.19172247334774|1.08484737686062|1.07667074178596|1.25704869091923|1.06169570059872|((((sp58:0.4938960083,sp59:0.4938960083)nd68:1.672471538,sp55:2.166367546)nd32:0.827791223,sp39:2.994158769)nd29:1.014655316,((((sp52:0.5569693885,sp53:0.5569693885)nd65:0.04068352165,(sp65:0.4319403152,(sp69:0.05674026693,sp70:0.05674026693)nd70:0.3752000483)nd66:0.1657125949)nd63:0.3784801837,sp51:0.9761330939)nd52:0.3434079618,(((sp67:0.1190900275,sp68:0.1190900275)nd60:0.6748654576,sp56:0.7939554851)nd48:0.4396806396,((sp66:0.1741033591,(sp71:0.05375013117,sp72:0.05375013117)nd71:0.1203532279)nd58:0.7939166694,sp47:0.9680200285)nd49:0.2656160962)nd47:0.08590493099)nd41:2.689273029)nd20;|17|sp39=2,sp47=1,sp51=2,sp52=1,sp53=2,sp55=1,sp56=2,sp58=1,sp59=1,sp65=1,sp66=1,sp67=2,sp68=2,sp69=1,sp70=1,sp71=1,sp72=1
1.34125421350692|1.11572511621554|1.12786054415624|1.17427202059961|1.19098036541686|1.14329725984053|(((sp64:0.06171086983,sp65:0.06171086983)nd61:1.852541151,(sp63:0.2244003538,(sp66:0.009770445104,sp67:0.009770445104)nd66:0.2146299087)nd62:1.689851667)nd54:2.043401824,sp57:3.957653845)nd41;|6|sp57=2,sp63=2,sp64=2,sp65=2,sp66=2,sp67=2
1.09094718178094|1.16922370834561|1.26586361686673|1.08121606297619|1.17754472422334|1.17655289478933|((sp57:1.006401875,((sp61:0.1801999053,(sp62:0.1578060341,sp63:0.1578060341)nd64:0.02239387122)nd61:0.5927074958,sp60:0.7729074012)nd60:0.2334944743)nd57:1.853541513,sp65:2.859943388)nd41;|6|sp57=2,sp60=1,sp61=2,sp62=2,sp63=2,sp65=1
1.20993280212179|1.16187082940255|1.25151372957789|1.08799426940735|1.07023249042093|1.20249934579361|(((sp93:0.0793015201,sp94:0.0793015201)nd95:1.598806018,sp74:1.678107538)nd82:7.957933041,((sp95:0.06183281792,sp96:0.06183281792)nd69:4.920545372,(sp83:1.640236295,(((sp91:0.1063873848,sp92:0.1063873848)nd92:0.8289653611,(sp89:0.1476127607,sp90:0.1476127607)nd93:0.7877399851)nd89:0.1701249098,(sp87:0.4263642918,sp85:0.4263642918)nd90:0.6791133638)nd85:0.5347586389)nd70:3.342141895)nd45:4.65366239)nd1;|12|sp74=1,sp83=2,sp85=2,sp87=1,sp89=2,sp90=2,sp91=2,sp92=2,sp93=1,sp94=1,sp95=1,sp96=1
